TIME,CH3SH PPB Médio,CH3SH PPB Máximo,CH3SH PPB Mínimo,CH3SH uG Médio
2026-03-18 16:58:37,3 ppb,7 ppb,1 ppb,6 ppb
2026-03-18 17:28:43,3 ppb,7 ppb,1 ppb,6 ppb
2026-03-18 17:59:00,3 ppb,7 ppb,1 ppb,6 ppb
2026-03-18 18:29:07,3 ppb,7 ppb,1 ppb,6 ppb
2026-03-18 18:59:13,3 ppb,7 ppb,1 ppb,6 ppb
2026-03-18 19:29:19,3 ppb,7 ppb,1 ppb,6 ppb
2026-03-18 19:59:25,3 ppb,7 ppb,1 ppb,6 ppb
2026-03-18 20:59:38,3 ppb,7 ppb,1 ppb,6 ppb
2026-03-18 21:29:44,3 ppb,7 ppb,1 ppb,6 ppb
2026-03-18 21:59:50,3 ppb,7 ppb,1 ppb,6 ppb
2026-03-18 22:29:56,3 ppb,7 ppb,1 ppb,6 ppb
2026-03-18 23:00:03,3 ppb,7 ppb,1 ppb,6 ppb
2026-03-18 23:30:09,3 ppb,7 ppb,1 ppb,6 ppb
2026-03-19 00:00:15,3 ppb,7 ppb,1 ppb,6 ppb
2026-03-19 00:30:21,3 ppb,7 ppb,1 ppb,6 ppb
2026-03-19 01:00:27,3 ppb,7 ppb,1 ppb,6 ppb
2026-03-19 01:30:34,3 ppb,7 ppb,1 ppb,6 ppb
2026-03-19 02:00:40,3 ppb,7 ppb,1 ppb,6 ppb
2026-03-19 02:30:46,3 ppb,7 ppb,1 ppb,6 ppb
2026-03-19 03:00:52,3 ppb,7 ppb,1 ppb,6 ppb
2026-03-19 03:30:58,3 ppb,7 ppb,1 ppb,6 ppb
2026-03-19 04:01:10,3 ppb,7 ppb,1 ppb,6 ppb
2026-03-19 05:01:22,3 ppb,7 ppb,1 ppb,6 ppb
2026-03-19 05:31:28,3 ppb,7 ppb,1 ppb,6 ppb
2026-03-19 06:01:35,3 ppb,7 ppb,1 ppb,6 ppb
2026-03-19 06:31:41,3 ppb,7 ppb,1 ppb,6 ppb
2026-03-19 07:01:47,3 ppb,7 ppb,1 ppb,6 ppb
2026-03-19 07:31:53,3 ppb,7 ppb,1 ppb,6 ppb
2026-03-19 08:02:00,3 ppb,7 ppb,1 ppb,6 ppb
2026-03-19 08:32:06,3 ppb,7 ppb,1 ppb,6 ppb
2026-03-19 09:02:12,3 ppb,7 ppb,1 ppb,6 ppb
2026-03-19 09:32:18,3 ppb,7 ppb,1 ppb,6 ppb
2026-03-19 10:02:24,3 ppb,7 ppb,1 ppb,6 ppb
2026-03-19 10:32:30,3 ppb,7 ppb,1 ppb,6 ppb
2026-03-19 11:02:37,3 ppb,7 ppb,1 ppb,6 ppb
2026-03-19 11:32:43,3 ppb,7 ppb,1 ppb,6 ppb
2026-03-19 12:02:49,3 ppb,7 ppb,1 ppb,6 ppb
2026-03-19 12:32:55,3 ppb,7 ppb,1 ppb,6 ppb
2026-03-19 13:03:01,3 ppb,7 ppb,1 ppb,6 ppb
2026-03-19 13:33:08,3 ppb,7 ppb,1 ppb,6 ppb
2026-03-19 14:03:25,3 ppb,7 ppb,1 ppb,6 ppb
2026-03-19 14:33:37,3 ppb,7 ppb,1 ppb,6 ppb
2026-03-19 15:03:43,3 ppb,7 ppb,1 ppb,6 ppb
2026-03-19 15:33:49,3 ppb,7 ppb,1 ppb,6 ppb
2026-03-19 16:03:55,3 ppb,7 ppb,1 ppb,6 ppb
2026-03-19 16:34:01,3 ppb,7 ppb,1 ppb,6 ppb
2026-03-19 17:04:08,3 ppb,7 ppb,1 ppb,6 ppb
2026-03-19 17:34:14,3 ppb,7 ppb,1 ppb,6 ppb
2026-03-19 18:04:20,3 ppb,7 ppb,1 ppb,6 ppb
2026-03-19 18:34:26,3 ppb,7 ppb,1 ppb,6 ppb
2026-03-19 19:04:33,3 ppb,7 ppb,1 ppb,6 ppb
2026-03-19 19:34:39,3 ppb,7 ppb,1 ppb,6 ppb
2026-03-19 20:04:45,3 ppb,7 ppb,1 ppb,6 ppb
2026-03-19 20:34:51,3 ppb,7 ppb,1 ppb,6 ppb
2026-03-19 21:04:57,3 ppb,7 ppb,1 ppb,6 ppb
2026-03-19 21:35:04,3 ppb,7 ppb,1 ppb,6 ppb
2026-03-19 22:05:10,3 ppb,7 ppb,1 ppb,6 ppb
2026-03-19 23:05:22,3 ppb,7 ppb,1 ppb,6 ppb
2026-03-19 23:35:34,3 ppb,7 ppb,1 ppb,6 ppb
2026-03-20 00:05:40,3 ppb,7 ppb,1 ppb,6 ppb
2026-03-20 00:35:46,3 ppb,7 ppb,1 ppb,6 ppb
2026-03-20 01:05:53,3 ppb,7 ppb,1 ppb,6 ppb
2026-03-20 01:35:59,3 ppb,7 ppb,1 ppb,6 ppb
2026-03-20 02:06:05,3 ppb,7 ppb,1 ppb,6 ppb
2026-03-20 02:36:11,3 ppb,7 ppb,1 ppb,6 ppb
2026-03-20 03:06:17,3 ppb,7 ppb,1 ppb,6 ppb
2026-03-20 03:36:23,3 ppb,7 ppb,1 ppb,6 ppb
2026-03-20 04:06:30,3 ppb,7 ppb,1 ppb,6 ppb
2026-03-20 04:36:36,3 ppb,7 ppb,1 ppb,6 ppb
2026-03-20 05:06:42,3 ppb,7 ppb,1 ppb,6 ppb
2026-03-20 05:36:49,3 ppb,7 ppb,1 ppb,6 ppb
2026-03-20 06:06:54,3 ppb,7 ppb,1 ppb,6 ppb
2026-03-20 06:37:01,3 ppb,7 ppb,1 ppb,6 ppb
2026-03-20 07:07:07,3 ppb,7 ppb,1 ppb,6 ppb
2026-03-20 07:37:13,3 ppb,7 ppb,1 ppb,6 ppb
2026-03-20 08:07:19,3 ppb,7 ppb,1 ppb,6 ppb
2026-03-20 08:37:26,3 ppb,7 ppb,1 ppb,6 ppb
2026-03-20 09:07:37,3 ppb,7 ppb,1 ppb,6 ppb
2026-03-20 09:37:49,3 ppb,7 ppb,1 ppb,6 ppb
2026-03-20 10:07:55,3 ppb,7 ppb,1 ppb,6 ppb
2026-03-20 10:38:01,3 ppb,7 ppb,1 ppb,6 ppb
2026-03-20 11:08:08,3 ppb,7 ppb,1 ppb,6 ppb
2026-03-20 11:38:14,3 ppb,7 ppb,1 ppb,6 ppb
2026-03-20 12:08:20,3 ppb,7 ppb,1 ppb,6 ppb
2026-03-20 12:38:26,3 ppb,7 ppb,1 ppb,6 ppb
2026-03-20 13:08:32,3 ppb,7 ppb,1 ppb,6 ppb
2026-03-20 13:38:39,3 ppb,7 ppb,1 ppb,6 ppb
2026-03-20 14:08:45,3 ppb,7 ppb,1 ppb,6 ppb
2026-03-20 14:38:56,3 ppb,7 ppb,1 ppb,6 ppb
2026-03-20 15:09:03,3 ppb,7 ppb,1 ppb,6 ppb
2026-03-20 15:39:09,3 ppb,7 ppb,1 ppb,6 ppb
2026-03-20 16:09:15,3 ppb,7 ppb,1 ppb,6 ppb
2026-03-20 16:39:21,3 ppb,7 ppb,1 ppb,6 ppb
2026-03-20 17:09:28,3 ppb,7 ppb,1 ppb,6 ppb
2026-03-20 17:39:34,3 ppb,7 ppb,1 ppb,6 ppb
2026-03-20 18:09:40,3 ppb,7 ppb,1 ppb,6 ppb
2026-03-20 18:39:52,3 ppb,7 ppb,1 ppb,6 ppb
2026-03-20 19:09:58,3 ppb,7 ppb,1 ppb,6 ppb
2026-03-20 19:40:04,3 ppb,7 ppb,1 ppb,6 ppb
2026-03-20 20:10:10,3 ppb,7 ppb,1 ppb,6 ppb
2026-03-20 20:40:16,3 ppb,7 ppb,1 ppb,6 ppb
2026-03-20 21:10:23,3 ppb,7 ppb,1 ppb,6 ppb
2026-03-20 21:40:29,3 ppb,7 ppb,1 ppb,6 ppb
2026-03-20 22:10:35,3 ppb,7 ppb,1 ppb,6 ppb
2026-03-20 23:10:47,3 ppb,7 ppb,1 ppb,6 ppb
2026-03-20 23:40:54,3 ppb,7 ppb,1 ppb,6 ppb
2026-03-21 00:11:00,3 ppb,7 ppb,1 ppb,6 ppb
2026-03-21 00:41:06,3 ppb,7 ppb,1 ppb,6 ppb
2026-03-21 01:11:12,3 ppb,7 ppb,1 ppb,6 ppb
2026-03-21 01:41:18,3 ppb,7 ppb,1 ppb,6 ppb
2026-03-21 02:11:25,3 ppb,7 ppb,1 ppb,6 ppb
2026-03-21 02:41:31,3 ppb,7 ppb,1 ppb,6 ppb
2026-03-21 03:11:37,3 ppb,7 ppb,1 ppb,6 ppb
2026-03-21 03:41:43,3 ppb,7 ppb,1 ppb,6 ppb
2026-03-21 04:11:49,3 ppb,7 ppb,1 ppb,6 ppb
2026-03-21 04:42:01,3 ppb,7 ppb,1 ppb,6 ppb
2026-03-21 05:12:07,3 ppb,7 ppb,1 ppb,6 ppb
2026-03-21 05:42:13,3 ppb,7 ppb,1 ppb,6 ppb
2026-03-21 06:12:20,3 ppb,7 ppb,1 ppb,6 ppb
2026-03-21 06:42:26,3 ppb,7 ppb,1 ppb,6 ppb
2026-03-21 07:12:32,3 ppb,7 ppb,1 ppb,6 ppb
2026-03-21 07:42:38,3 ppb,7 ppb,1 ppb,6 ppb
2026-03-21 08:12:44,3 ppb,7 ppb,1 ppb,6 ppb
2026-03-21 08:42:51,3 ppb,7 ppb,1 ppb,6 ppb
2026-03-21 09:12:57,3 ppb,7 ppb,1 ppb,6 ppb
2026-03-21 09:43:03,3 ppb,7 ppb,1 ppb,6 ppb
2026-03-21 10:13:09,3 ppb,7 ppb,1 ppb,6 ppb
2026-03-21 10:43:16,3 ppb,7 ppb,1 ppb,6 ppb
2026-03-21 11:13:22,3 ppb,7 ppb,1 ppb,6 ppb
2026-03-21 11:43:28,3 ppb,7 ppb,1 ppb,6 ppb
2026-03-21 12:13:34,3 ppb,7 ppb,1 ppb,6 ppb
2026-03-21 12:43:41,3 ppb,7 ppb,1 ppb,6 ppb
2026-03-21 13:55:11,3 ppb,7 ppb,1 ppb,520 ppb
2026-03-21 14:25:22,3 ppb,7 ppb,1 ppb,518 ppb
2026-03-21 14:55:34,3 ppb,7 ppb,1 ppb,517 ppb
2026-03-21 15:25:40,3 ppb,7 ppb,1 ppb,517 ppb
2026-03-21 15:55:47,3 ppb,7 ppb,1 ppb,516 ppb
2026-03-21 16:25:53,3 ppb,7 ppb,1 ppb,516 ppb
2026-03-21 16:55:59,3 ppb,7 ppb,1 ppb,515 ppb
2026-03-21 17:26:05,3 ppb,7 ppb,1 ppb,516 ppb
2026-03-21 17:56:11,3 ppb,7 ppb,1 ppb,516 ppb
2026-03-21 18:26:18,3 ppb,7 ppb,1 ppb,516 ppb
2026-03-21 18:56:24,3 ppb,7 ppb,1 ppb,516 ppb
2026-03-21 19:26:30,3 ppb,7 ppb,1 ppb,516 ppb
2026-03-21 19:56:36,3 ppb,7 ppb,1 ppb,516 ppb
2026-03-21 20:26:43,3 ppb,7 ppb,1 ppb,516 ppb
2026-03-21 20:56:49,3 ppb,7 ppb,1 ppb,516 ppb
2026-03-21 21:26:55,3 ppb,7 ppb,1 ppb,516 ppb
2026-03-21 21:57:01,3 ppb,7 ppb,1 ppb,516 ppb
2026-03-21 22:27:08,3 ppb,7 ppb,1 ppb,516 ppb
2026-03-21 22:57:14,3 ppb,7 ppb,1 ppb,516 ppb
2026-03-21 23:27:20,3 ppb,7 ppb,1 ppb,516 ppb
2026-03-21 23:57:26,3 ppb,7 ppb,1 ppb,516 ppb
2026-03-22 00:27:38,3 ppb,7 ppb,1 ppb,516 ppb
2026-03-22 00:57:44,3 ppb,7 ppb,1 ppb,516 ppb
2026-03-22 01:27:50,3 ppb,7 ppb,1 ppb,516 ppb
2026-03-22 01:57:57,3 ppb,7 ppb,1 ppb,516 ppb
2026-03-22 02:28:03,3 ppb,7 ppb,1 ppb,516 ppb
2026-03-22 02:58:09,3 ppb,7 ppb,1 ppb,516 ppb
2026-03-22 03:28:15,3 ppb,7 ppb,1 ppb,516 ppb
2026-03-22 03:58:21,3 ppb,7 ppb,1 ppb,516 ppb
2026-03-22 04:28:27,3 ppb,7 ppb,1 ppb,516 ppb
2026-03-22 04:58:34,3 ppb,7 ppb,1 ppb,516 ppb
2026-03-22 05:28:40,3 ppb,7 ppb,1 ppb,516 ppb
2026-03-22 05:58:46,3 ppb,7 ppb,1 ppb,516 ppb
2026-03-22 06:28:52,3 ppb,7 ppb,1 ppb,516 ppb
2026-03-22 06:58:59,3 ppb,7 ppb,1 ppb,516 ppb
2026-03-22 07:29:05,3 ppb,7 ppb,1 ppb,516 ppb
2026-03-22 07:59:11,3 ppb,7 ppb,1 ppb,516 ppb
2026-03-22 08:29:17,3 ppb,7 ppb,1 ppb,516 ppb
2026-03-22 08:59:23,3 ppb,7 ppb,1 ppb,516 ppb
2026-03-22 09:29:30,3 ppb,7 ppb,1 ppb,516 ppb
2026-03-22 09:59:36,3 ppb,7 ppb,1 ppb,515 ppb
2026-03-22 10:29:42,3 ppb,7 ppb,1 ppb,515 ppb
2026-03-22 10:59:54,3 ppb,7 ppb,1 ppb,515 ppb
2026-03-22 11:30:00,3 ppb,7 ppb,1 ppb,515 ppb
2026-03-22 12:00:06,3 ppb,7 ppb,1 ppb,514 ppb
2026-03-22 12:30:12,3 ppb,7 ppb,1 ppb,514 ppb
2026-03-22 13:00:19,3 ppb,7 ppb,1 ppb,513 ppb
2026-03-22 13:30:25,3 ppb,7 ppb,1 ppb,513 ppb
2026-03-22 14:00:31,3 ppb,7 ppb,1 ppb,513 ppb
2026-03-22 14:30:37,3 ppb,7 ppb,1 ppb,513 ppb
2026-03-22 15:30:55,3 ppb,7 ppb,1 ppb,512 ppb
2026-03-22 16:31:08,3 ppb,7 ppb,1 ppb,512 ppb
2026-03-22 17:01:25,3 ppb,7 ppb,1 ppb,512 ppb
2026-03-22 17:31:38,3 ppb,7 ppb,1 ppb,513 ppb
2026-03-22 18:01:51,3 ppb,7 ppb,1 ppb,513 ppb
2026-03-22 18:32:03,3 ppb,7 ppb,1 ppb,513 ppb
2026-03-22 19:02:17,3 ppb,7 ppb,1 ppb,514 ppb
2026-03-22 19:32:28,3 ppb,7 ppb,1 ppb,514 ppb
2026-03-22 20:02:34,3 ppb,7 ppb,1 ppb,514 ppb
2026-03-22 20:32:41,3 ppb,7 ppb,1 ppb,514 ppb
2026-03-22 21:02:47,3 ppb,7 ppb,1 ppb,514 ppb
2026-03-22 21:32:53,3 ppb,7 ppb,1 ppb,514 ppb
2026-03-22 22:02:59,3 ppb,7 ppb,1 ppb,515 ppb
2026-03-22 22:33:06,3 ppb,7 ppb,1 ppb,515 ppb
2026-03-22 23:03:12,3 ppb,7 ppb,1 ppb,515 ppb
2026-03-22 23:33:18,3 ppb,7 ppb,1 ppb,515 ppb
2026-03-23 00:33:30,3 ppb,7 ppb,1 ppb,515 ppb
2026-03-23 01:03:37,3 ppb,7 ppb,1 ppb,515 ppb
2026-03-23 01:33:43,3 ppb,7 ppb,1 ppb,515 ppb
2026-03-23 02:03:49,3 ppb,7 ppb,1 ppb,515 ppb
2026-03-23 02:33:55,3 ppb,7 ppb,1 ppb,515 ppb
2026-03-23 03:04:02,3 ppb,7 ppb,1 ppb,515 ppb
2026-03-23 03:34:08,3 ppb,7 ppb,1 ppb,516 ppb
2026-03-23 04:04:14,3 ppb,7 ppb,1 ppb,516 ppb
2026-03-23 04:34:21,3 ppb,7 ppb,1 ppb,516 ppb
2026-03-23 05:04:27,3 ppb,7 ppb,1 ppb,516 ppb
2026-03-23 05:34:39,3 ppb,7 ppb,1 ppb,516 ppb
2026-03-23 06:04:45,3 ppb,7 ppb,1 ppb,516 ppb
2026-03-23 06:34:51,3 ppb,7 ppb,1 ppb,516 ppb
2026-03-23 07:04:57,3 ppb,7 ppb,1 ppb,516 ppb
2026-03-23 07:35:04,3 ppb,7 ppb,1 ppb,516 ppb
2026-03-23 08:05:10,3 ppb,7 ppb,1 ppb,516 ppb
2026-03-23 08:35:16,3 ppb,7 ppb,1 ppb,516 ppb
2026-03-23 09:05:22,3 ppb,7 ppb,1 ppb,516 ppb
2026-03-23 09:35:28,3 ppb,7 ppb,1 ppb,515 ppb
2026-03-23 10:05:34,3 ppb,7 ppb,1 ppb,515 ppb
2026-03-23 10:35:41,3 ppb,7 ppb,1 ppb,515 ppb
2026-03-23 11:05:47,3 ppb,7 ppb,1 ppb,515 ppb
2026-03-23 11:35:53,3 ppb,7 ppb,1 ppb,515 ppb
2026-03-23 12:05:59,3 ppb,7 ppb,1 ppb,514 ppb
2026-03-23 12:36:06,3 ppb,7 ppb,1 ppb,514 ppb
2026-03-23 13:06:12,3 ppb,7 ppb,1 ppb,514 ppb
2026-03-23 13:36:18,3 ppb,7 ppb,1 ppb,514 ppb
2026-03-23 14:06:24,3 ppb,7 ppb,1 ppb,514 ppb
2026-03-23 14:36:30,3 ppb,7 ppb,1 ppb,514 ppb
2026-03-23 15:06:48,3 ppb,7 ppb,1 ppb,513 ppb
2026-03-23 15:36:54,3 ppb,7 ppb,1 ppb,513 ppb
2026-03-23 16:07:00,3 ppb,7 ppb,1 ppb,513 ppb
2026-03-23 16:37:06,3 ppb,7 ppb,1 ppb,513 ppb
2026-03-23 17:37:19,3 ppb,7 ppb,1 ppb,513 ppb
2026-03-23 18:07:25,3 ppb,7 ppb,1 ppb,514 ppb
2026-03-23 18:37:31,3 ppb,7 ppb,1 ppb,514 ppb
2026-03-23 19:07:38,3 ppb,7 ppb,1 ppb,514 ppb
2026-03-23 19:37:44,3 ppb,7 ppb,1 ppb,514 ppb
2026-03-23 20:07:50,3 ppb,7 ppb,1 ppb,514 ppb
2026-03-23 20:37:56,3 ppb,7 ppb,1 ppb,514 ppb
2026-03-23 21:08:02,3 ppb,7 ppb,1 ppb,515 ppb
2026-03-23 21:38:09,3 ppb,7 ppb,1 ppb,515 ppb
2026-03-23 22:08:15,3 ppb,7 ppb,1 ppb,515 ppb
2026-03-23 22:38:21,3 ppb,7 ppb,1 ppb,515 ppb
2026-03-23 23:08:27,3 ppb,7 ppb,1 ppb,515 ppb
2026-03-23 23:38:33,3 ppb,7 ppb,1 ppb,515 ppb
2026-03-24 00:08:40,3 ppb,7 ppb,1 ppb,515 ppb
2026-03-24 00:38:46,3 ppb,7 ppb,1 ppb,515 ppb
2026-03-24 01:08:58,3 ppb,7 ppb,1 ppb,515 ppb
2026-03-24 01:39:04,3 ppb,7 ppb,1 ppb,515 ppb
2026-03-24 02:09:10,3 ppb,7 ppb,1 ppb,516 ppb
2026-03-24 02:39:16,3 ppb,7 ppb,1 ppb,516 ppb
2026-03-24 03:09:23,3 ppb,7 ppb,1 ppb,516 ppb
2026-03-24 03:39:29,3 ppb,7 ppb,1 ppb,516 ppb
2026-03-24 04:09:35,3 ppb,7 ppb,1 ppb,516 ppb
2026-03-24 04:39:41,3 ppb,7 ppb,1 ppb,516 ppb
2026-03-24 05:09:47,3 ppb,7 ppb,1 ppb,516 ppb
2026-03-24 05:39:54,3 ppb,7 ppb,1 ppb,516 ppb
2026-03-24 06:10:00,3 ppb,7 ppb,1 ppb,516 ppb
2026-03-24 06:40:06,3 ppb,7 ppb,1 ppb,516 ppb
2026-03-24 07:10:13,3 ppb,7 ppb,1 ppb,516 ppb
2026-03-24 07:40:19,3 ppb,7 ppb,1 ppb,516 ppb
2026-03-24 08:10:25,3 ppb,7 ppb,1 ppb,516 ppb
2026-03-24 08:40:31,3 ppb,7 ppb,1 ppb,516 ppb
2026-03-24 09:10:37,3 ppb,7 ppb,1 ppb,515 ppb
2026-03-24 09:40:43,3 ppb,7 ppb,1 ppb,515 ppb
2026-03-24 10:10:49,3 ppb,7 ppb,1 ppb,515 ppb
2026-03-24 10:41:07,3 ppb,7 ppb,1 ppb,515 ppb
2026-03-24 11:11:13,3 ppb,7 ppb,1 ppb,515 ppb
2026-03-24 11:41:19,3 ppb,7 ppb,1 ppb,514 ppb
2026-03-24 12:11:26,3 ppb,7 ppb,1 ppb,514 ppb
2026-03-24 12:41:32,3 ppb,7 ppb,1 ppb,514 ppb
2026-03-24 13:11:38,3 ppb,7 ppb,1 ppb,514 ppb
2026-03-24 13:41:44,3 ppb,7 ppb,1 ppb,514 ppb
2026-03-24 14:11:51,3 ppb,7 ppb,1 ppb,514 ppb
2026-03-24 14:41:57,3 ppb,7 ppb,1 ppb,514 ppb
2026-03-24 15:12:08,3 ppb,7 ppb,1 ppb,514 ppb
2026-03-24 15:42:15,3 ppb,7 ppb,1 ppb,514 ppb
2026-03-24 16:12:21,3 ppb,7 ppb,1 ppb,514 ppb
2026-03-24 16:42:27,3 ppb,7 ppb,1 ppb,514 ppb
2026-03-24 17:12:34,3 ppb,7 ppb,1 ppb,514 ppb
2026-03-24 17:42:40,3 ppb,7 ppb,1 ppb,514 ppb
2026-03-24 18:12:46,3 ppb,7 ppb,1 ppb,514 ppb
2026-03-24 18:42:52,3 ppb,7 ppb,1 ppb,515 ppb
2026-03-24 19:12:58,3 ppb,7 ppb,1 ppb,515 ppb
2026-03-24 19:43:10,3 ppb,7 ppb,1 ppb,515 ppb
2026-03-24 20:13:16,3 ppb,7 ppb,1 ppb,515 ppb
2026-03-24 20:43:22,3 ppb,7 ppb,1 ppb,515 ppb
2026-03-24 21:13:29,3 ppb,7 ppb,1 ppb,515 ppb
2026-03-24 21:43:35,3 ppb,7 ppb,1 ppb,515 ppb
2026-03-24 22:13:41,3 ppb,7 ppb,1 ppb,516 ppb
2026-03-24 22:43:47,3 ppb,7 ppb,1 ppb,516 ppb
2026-03-24 23:13:54,3 ppb,7 ppb,1 ppb,516 ppb
2026-03-24 23:44:00,3 ppb,7 ppb,1 ppb,516 ppb
2026-03-25 00:14:06,3 ppb,7 ppb,1 ppb,516 ppb
2026-03-25 00:44:12,3 ppb,7 ppb,1 ppb,516 ppb
2026-03-25 01:14:18,3 ppb,7 ppb,1 ppb,516 ppb
2026-03-25 01:44:24,3 ppb,7 ppb,1 ppb,516 ppb
2026-03-25 02:14:31,3 ppb,7 ppb,1 ppb,516 ppb
2026-03-25 02:44:37,3 ppb,7 ppb,1 ppb,516 ppb
2026-03-25 03:14:43,3 ppb,7 ppb,1 ppb,516 ppb
2026-03-25 03:44:49,3 ppb,7 ppb,1 ppb,516 ppb
2026-03-25 04:14:56,3 ppb,7 ppb,1 ppb,517 ppb
2026-03-25 04:45:02,3 ppb,7 ppb,1 ppb,517 ppb
2026-03-25 05:15:13,3 ppb,7 ppb,1 ppb,517 ppb
2026-03-25 05:45:20,3 ppb,7 ppb,1 ppb,517 ppb
2026-03-25 06:15:26,3 ppb,7 ppb,1 ppb,517 ppb
2026-03-25 06:45:32,3 ppb,7 ppb,1 ppb,517 ppb
2026-03-25 07:15:38,3 ppb,7 ppb,1 ppb,517 ppb
2026-03-25 07:45:45,3 ppb,7 ppb,1 ppb,517 ppb
2026-03-25 08:15:51,3 ppb,7 ppb,1 ppb,517 ppb
2026-03-25 08:45:57,3 ppb,7 ppb,1 ppb,517 ppb
2026-03-25 09:16:03,3 ppb,7 ppb,1 ppb,517 ppb
2026-03-25 09:46:10,3 ppb,7 ppb,1 ppb,518 ppb
2026-03-25 10:16:16,3 ppb,7 ppb,1 ppb,519 ppb
2026-03-25 10:46:22,3 ppb,7 ppb,1 ppb,520 ppb
2026-03-25 11:16:28,3 ppb,7 ppb,1 ppb,521 ppb
2026-03-25 11:38:02,0 ppb,0 ppb,0 ppb,0 ppb
2026-03-25 11:40:07,0 ppb,0 ppb,0 ppb,0 ppb
2026-03-25 11:42:07,0 ppb,0 ppb,0 ppb,0 ppb
2026-03-25 11:49:55,4 ppb,7 ppb,1 ppb,696 ppb
2026-03-25 11:51:06,2 ppb,6 ppb,1 ppb,348 ppb
2026-03-25 11:52:12,4 ppb,7 ppb,1 ppb,696 ppb
2026-03-25 11:53:18,3 ppb,5 ppb,1 ppb,522 ppb
2026-03-25 11:54:25,2 ppb,6 ppb,1 ppb,348 ppb
2026-03-25 11:55:31,4 ppb,7 ppb,1 ppb,696 ppb
2026-03-25 11:56:37,3 ppb,5 ppb,1 ppb,522 ppb
2026-03-25 11:57:43,2 ppb,6 ppb,1 ppb,348 ppb
2026-03-25 11:58:49,5 ppb,7 ppb,2 ppb,870 ppb
2026-03-25 11:59:56,2 ppb,5 ppb,1 ppb,348 ppb
2026-03-25 12:02:22,4 ppb,7 ppb,1 ppb,786 ppb
2026-03-25 12:03:33,3 ppb,5 ppb,1 ppb,589 ppb
2026-03-25 12:05:44,0 ppb,0 ppb,0 ppb,0 ppb
2026-03-25 12:07:45,0 ppb,0 ppb,0 ppb,0 ppb
2026-03-25 12:14:00,3 ppb,7 ppb,1 ppb,6 ppb
2026-03-25 12:15:18,3 ppb,6 ppb,1 ppb,6 ppb
2026-03-25 12:16:24,3 ppb,7 ppb,1 ppb,6 ppb
2026-03-25 12:17:30,4 ppb,7 ppb,2 ppb,8 ppb
2026-03-25 12:18:36,2 ppb,6 ppb,1 ppb,4 ppb
2026-03-25 12:19:43,3 ppb,7 ppb,1 ppb,6 ppb
2026-03-25 12:20:49,4 ppb,6 ppb,1 ppb,8 ppb
2026-03-25 12:21:55,2 ppb,6 ppb,1 ppb,4 ppb
2026-03-25 12:43:21,3 ppb,7 ppb,1 ppb,6 ppb
2026-03-25 12:53:32,3 ppb,7 ppb,1 ppb,6 ppb
2026-03-25 13:03:38,3 ppb,7 ppb,1 ppb,6 ppb
2026-03-25 13:13:45,3 ppb,7 ppb,1 ppb,6 ppb
2026-03-25 13:23:51,3 ppb,7 ppb,1 ppb,6 ppb
2026-03-25 13:33:57,3 ppb,7 ppb,1 ppb,6 ppb
2026-03-25 13:44:04,3 ppb,7 ppb,1 ppb,6 ppb
2026-03-25 13:54:10,3 ppb,7 ppb,1 ppb,6 ppb
2026-03-25 14:04:16,3 ppb,7 ppb,1 ppb,6 ppb
2026-03-25 14:14:28,3 ppb,7 ppb,1 ppb,6 ppb
2026-03-25 14:24:34,3 ppb,7 ppb,1 ppb,6 ppb
2026-03-25 14:34:40,3 ppb,7 ppb,1 ppb,6 ppb
2026-03-25 14:44:47,3 ppb,7 ppb,1 ppb,6 ppb
2026-03-25 14:54:58,3 ppb,7 ppb,1 ppb,6 ppb
2026-03-25 15:05:33,4 ppb,7 ppb,1 ppb,8 ppb
2026-03-25 18:11:02,,,,
2026-03-25 18:41:40,3 ppb,7 ppb,1 ppb,6 ppb
2026-03-25 18:41:40,3 ppb,7 ppb,1 ppb,6 ppb
2026-03-25 19:11:46,3 ppb,7 ppb,1 ppb,6 ppb
2026-03-25 19:11:46,3 ppb,7 ppb,1 ppb,6 ppb
2026-03-25 19:41:52,3 ppb,7 ppb,1 ppb,6 ppb
2026-03-25 19:41:52,3 ppb,7 ppb,1 ppb,6 ppb
2026-03-25 20:11:58,3 ppb,7 ppb,1 ppb,6 ppb
2026-03-25 20:11:58,3 ppb,7 ppb,1 ppb,6 ppb
2026-03-25 20:42:04,3 ppb,7 ppb,1 ppb,6 ppb
2026-03-25 21:12:10,3 ppb,7 ppb,1 ppb,6 ppb
2026-03-25 21:42:17,3 ppb,7 ppb,1 ppb,6 ppb
2026-03-25 21:42:17,3 ppb,7 ppb,1 ppb,6 ppb
2026-03-25 22:12:23,3 ppb,7 ppb,1 ppb,6 ppb
2026-03-25 22:42:29,3 ppb,7 ppb,1 ppb,6 ppb
2026-03-25 22:42:29,3 ppb,7 ppb,1 ppb,6 ppb
2026-03-25 23:12:35,3 ppb,7 ppb,1 ppb,6 ppb
2026-03-25 23:12:35,3 ppb,7 ppb,1 ppb,6 ppb
2026-03-25 23:42:42,3 ppb,7 ppb,1 ppb,6 ppb
2026-03-26 00:12:48,3 ppb,7 ppb,1 ppb,6 ppb
2026-03-26 00:12:48,3 ppb,7 ppb,1 ppb,6 ppb
2026-03-26 00:42:54,3 ppb,7 ppb,1 ppb,6 ppb
2026-03-26 00:42:54,3 ppb,7 ppb,1 ppb,6 ppb
2026-03-26 01:13:00,3 ppb,7 ppb,1 ppb,6 ppb
2026-03-26 01:13:00,3 ppb,7 ppb,1 ppb,6 ppb
2026-03-26 01:43:07,3 ppb,7 ppb,1 ppb,6 ppb
2026-03-26 01:43:07,3 ppb,7 ppb,1 ppb,6 ppb
2026-03-26 02:13:13,3 ppb,7 ppb,1 ppb,6 ppb
2026-03-26 02:43:19,3 ppb,7 ppb,1 ppb,6 ppb
2026-03-26 02:43:19,3 ppb,7 ppb,1 ppb,6 ppb
2026-03-26 03:13:31,3 ppb,7 ppb,1 ppb,6 ppb
2026-03-26 03:43:37,3 ppb,7 ppb,1 ppb,6 ppb
2026-03-26 04:13:43,3 ppb,7 ppb,1 ppb,6 ppb
2026-03-26 04:13:43,3 ppb,7 ppb,1 ppb,6 ppb
2026-03-26 05:13:56,3 ppb,7 ppb,1 ppb,6 ppb
2026-03-26 05:13:56,3 ppb,7 ppb,1 ppb,6 ppb
2026-03-26 05:44:02,3 ppb,7 ppb,1 ppb,6 ppb
2026-03-26 05:44:02,3 ppb,7 ppb,1 ppb,6 ppb
2026-03-26 06:14:08,3 ppb,7 ppb,1 ppb,6 ppb
2026-03-26 06:14:08,3 ppb,7 ppb,1 ppb,6 ppb
2026-03-26 06:44:14,3 ppb,7 ppb,1 ppb,6 ppb
2026-03-26 06:44:14,3 ppb,7 ppb,1 ppb,6 ppb
2026-03-26 07:14:20,3 ppb,7 ppb,1 ppb,6 ppb
2026-03-26 07:14:20,3 ppb,7 ppb,1 ppb,6 ppb
2026-03-26 07:44:27,3 ppb,7 ppb,1 ppb,6 ppb
2026-03-26 08:44:39,3 ppb,7 ppb,1 ppb,6 ppb
2026-03-26 08:44:39,3 ppb,7 ppb,1 ppb,6 ppb
2026-03-26 09:14:57,3 ppb,7 ppb,1 ppb,6 ppb
2026-03-26 09:14:57,3 ppb,7 ppb,1 ppb,6 ppb
2026-03-26 09:45:04,3 ppb,7 ppb,1 ppb,6 ppb
2026-03-26 10:15:17,3 ppb,7 ppb,1 ppb,6 ppb
2026-03-26 10:45:30,3 ppb,7 ppb,1 ppb,6 ppb
2026-03-26 11:15:43,3 ppb,7 ppb,1 ppb,6 ppb
2026-03-26 11:46:01,3 ppb,7 ppb,1 ppb,6 ppb
2026-03-26 12:16:07,3 ppb,7 ppb,1 ppb,6 ppb
2026-03-26 12:46:13,3 ppb,7 ppb,1 ppb,6 ppb
2026-03-26 13:16:20,3 ppb,7 ppb,1 ppb,6 ppb
2026-03-26 14:16:32,4 ppb,7 ppb,1 ppb,8 ppb
2026-03-26 14:46:38,3 ppb,7 ppb,1 ppb,6 ppb
2026-03-26 15:16:44,3 ppb,7 ppb,1 ppb,6 ppb
2026-03-26 15:46:56,3 ppb,7 ppb,1 ppb,6 ppb
2026-03-26 16:17:02,3 ppb,7 ppb,1 ppb,6 ppb
2026-03-26 16:47:09,3 ppb,7 ppb,1 ppb,6 ppb
2026-03-26 16:47:09,3 ppb,7 ppb,1 ppb,6 ppb
2026-03-26 17:17:15,3 ppb,7 ppb,1 ppb,6 ppb
2026-03-26 17:47:21,3 ppb,7 ppb,1 ppb,6 ppb
2026-03-26 18:17:27,3 ppb,7 ppb,1 ppb,6 ppb
2026-03-26 18:17:27,3 ppb,7 ppb,1 ppb,6 ppb
2026-03-26 18:47:34,3 ppb,7 ppb,1 ppb,6 ppb
2026-03-26 19:17:40,3 ppb,7 ppb,1 ppb,6 ppb
2026-03-26 19:17:40,3 ppb,7 ppb,1 ppb,6 ppb
2026-03-26 19:47:46,3 ppb,7 ppb,1 ppb,6 ppb
2026-03-26 20:17:52,3 ppb,7 ppb,1 ppb,6 ppb
2026-03-26 21:18:04,3 ppb,7 ppb,1 ppb,6 ppb
2026-03-26 21:18:04,3 ppb,7 ppb,1 ppb,6 ppb
2026-03-26 21:48:11,3 ppb,7 ppb,1 ppb,6 ppb
2026-03-26 21:48:11,3 ppb,7 ppb,1 ppb,6 ppb
2026-03-26 22:18:17,3 ppb,7 ppb,1 ppb,6 ppb
2026-03-26 22:18:17,3 ppb,7 ppb,1 ppb,6 ppb
2026-03-26 22:48:23,3 ppb,7 ppb,1 ppb,6 ppb
2026-03-26 22:48:23,3 ppb,7 ppb,1 ppb,6 ppb
2026-03-26 23:18:29,3 ppb,7 ppb,1 ppb,6 ppb
2026-03-26 23:48:36,3 ppb,7 ppb,1 ppb,6 ppb
2026-03-27 00:18:42,3 ppb,7 ppb,1 ppb,6 ppb
2026-03-27 00:48:48,3 ppb,7 ppb,1 ppb,6 ppb
2026-03-27 01:18:54,3 ppb,7 ppb,1 ppb,6 ppb
2026-03-27 01:49:12,3 ppb,7 ppb,1 ppb,6 ppb
2026-03-27 17:52:42,3 ppb,7 ppb,1 ppb,6 ppb
2026-03-27 17:52:42,3 ppb,7 ppb,1 ppb,6 ppb
2026-03-27 18:22:48,3 ppb,7 ppb,1 ppb,6 ppb
2026-03-27 18:52:54,3 ppb,7 ppb,1 ppb,6 ppb
2026-03-27 18:52:54,3 ppb,7 ppb,1 ppb,6 ppb
2026-03-27 18:52:54,3 ppb,7 ppb,1 ppb,6 ppb
2026-03-27 19:23:00,3 ppb,7 ppb,1 ppb,6 ppb
2026-03-27 19:23:00,3 ppb,7 ppb,1 ppb,6 ppb
2026-03-27 19:23:00,3 ppb,7 ppb,1 ppb,6 ppb
2026-03-27 19:53:06,3 ppb,7 ppb,1 ppb,6 ppb
2026-03-27 20:23:13,3 ppb,7 ppb,1 ppb,6 ppb
2026-03-27 20:53:19,3 ppb,7 ppb,1 ppb,6 ppb
2026-03-27 21:23:25,3 ppb,7 ppb,1 ppb,6 ppb
2026-03-27 21:23:25,3 ppb,7 ppb,1 ppb,6 ppb
2026-03-27 21:53:31,3 ppb,7 ppb,1 ppb,6 ppb
2026-03-27 21:53:31,3 ppb,7 ppb,1 ppb,6 ppb
2026-03-27 22:23:37,3 ppb,7 ppb,1 ppb,6 ppb
2026-03-27 22:23:37,3 ppb,7 ppb,1 ppb,6 ppb
2026-03-27 22:23:37,3 ppb,7 ppb,1 ppb,6 ppb
2026-03-27 22:53:44,3 ppb,7 ppb,1 ppb,6 ppb
2026-03-27 23:23:50,3 ppb,7 ppb,1 ppb,6 ppb
2026-03-27 23:23:50,3 ppb,7 ppb,1 ppb,6 ppb
2026-03-27 23:53:56,3 ppb,7 ppb,1 ppb,6 ppb
2026-03-27 23:53:56,3 ppb,7 ppb,1 ppb,6 ppb
2026-03-28 00:24:02,3 ppb,7 ppb,1 ppb,6 ppb
2026-03-28 00:54:08,3 ppb,7 ppb,1 ppb,6 ppb
2026-03-28 00:54:08,3 ppb,7 ppb,1 ppb,6 ppb
2026-03-28 00:54:08,3 ppb,7 ppb,1 ppb,6 ppb
2026-03-28 01:24:14,3 ppb,7 ppb,1 ppb,6 ppb
2026-03-28 01:24:14,3 ppb,7 ppb,1 ppb,6 ppb
2026-03-28 01:24:14,3 ppb,7 ppb,1 ppb,6 ppb
2026-03-28 01:54:21,3 ppb,7 ppb,1 ppb,6 ppb
2026-03-28 01:54:21,3 ppb,7 ppb,1 ppb,6 ppb
2026-03-28 02:24:27,3 ppb,7 ppb,1 ppb,6 ppb
2026-03-28 02:54:34,3 ppb,7 ppb,1 ppb,6 ppb
2026-03-28 02:54:34,3 ppb,7 ppb,1 ppb,6 ppb
2026-03-28 02:54:34,3 ppb,7 ppb,1 ppb,6 ppb
2026-03-28 03:24:39,3 ppb,7 ppb,1 ppb,6 ppb
2026-03-28 03:24:39,3 ppb,7 ppb,1 ppb,6 ppb
2026-03-28 03:54:46,3 ppb,7 ppb,1 ppb,6 ppb
2026-03-28 03:54:46,3 ppb,7 ppb,1 ppb,6 ppb
2026-03-28 04:24:52,3 ppb,7 ppb,1 ppb,6 ppb
2026-03-28 04:24:52,3 ppb,7 ppb,1 ppb,6 ppb
2026-03-28 04:54:58,3 ppb,7 ppb,1 ppb,6 ppb
2026-03-28 04:54:58,3 ppb,7 ppb,1 ppb,6 ppb
2026-03-28 05:25:04,3 ppb,7 ppb,1 ppb,6 ppb
2026-03-28 05:25:04,3 ppb,7 ppb,1 ppb,6 ppb
2026-03-28 05:25:04,3 ppb,7 ppb,1 ppb,6 ppb
2026-03-28 05:55:11,3 ppb,7 ppb,1 ppb,6 ppb
2026-03-28 05:55:11,3 ppb,7 ppb,1 ppb,6 ppb
2026-03-28 06:25:17,3 ppb,7 ppb,1 ppb,6 ppb
2026-03-28 06:25:17,3 ppb,7 ppb,1 ppb,6 ppb
2026-03-28 06:55:23,3 ppb,7 ppb,1 ppb,6 ppb
2026-03-28 07:25:29,3 ppb,7 ppb,1 ppb,6 ppb
2026-03-28 07:55:36,3 ppb,7 ppb,1 ppb,6 ppb
2026-03-28 08:25:42,3 ppb,7 ppb,1 ppb,6 ppb
2026-03-28 08:55:48,3 ppb,7 ppb,1 ppb,6 ppb
2026-03-28 09:25:54,3 ppb,7 ppb,1 ppb,6 ppb
2026-03-28 09:25:54,3 ppb,7 ppb,1 ppb,6 ppb
2026-03-28 09:25:54,3 ppb,7 ppb,1 ppb,6 ppb
2026-03-28 09:56:00,3 ppb,7 ppb,1 ppb,6 ppb
2026-03-28 10:26:18,3 ppb,7 ppb,1 ppb,6 ppb
2026-03-28 10:56:24,3 ppb,7 ppb,1 ppb,6 ppb
2026-03-28 11:26:31,3 ppb,7 ppb,1 ppb,6 ppb
2026-03-28 11:56:37,3 ppb,7 ppb,1 ppb,6 ppb
2026-03-28 11:56:37,3 ppb,7 ppb,1 ppb,6 ppb
2026-03-28 12:26:43,3 ppb,7 ppb,1 ppb,6 ppb
2026-03-28 12:56:49,3 ppb,7 ppb,1 ppb,6 ppb
2026-03-28 12:56:49,3 ppb,7 ppb,1 ppb,6 ppb
2026-03-28 13:26:56,3 ppb,7 ppb,1 ppb,6 ppb
2026-03-28 13:57:01,3 ppb,7 ppb,1 ppb,6 ppb
2026-03-28 14:27:08,3 ppb,7 ppb,1 ppb,6 ppb
2026-03-28 14:27:08,3 ppb,7 ppb,1 ppb,6 ppb
2026-03-28 15:27:20,3 ppb,7 ppb,1 ppb,6 ppb
2026-03-28 15:57:32,3 ppb,7 ppb,1 ppb,6 ppb
2026-03-28 15:57:32,3 ppb,7 ppb,1 ppb,6 ppb
2026-03-28 16:27:38,3 ppb,7 ppb,1 ppb,6 ppb
2026-03-28 16:27:38,3 ppb,7 ppb,1 ppb,6 ppb
2026-03-28 16:57:44,3 ppb,7 ppb,1 ppb,6 ppb
2026-03-28 16:57:44,3 ppb,7 ppb,1 ppb,6 ppb
2026-03-28 17:27:51,3 ppb,7 ppb,1 ppb,6 ppb
2026-03-28 17:57:57,3 ppb,7 ppb,1 ppb,6 ppb
2026-03-28 18:28:03,3 ppb,7 ppb,1 ppb,6 ppb
2026-03-28 18:28:03,3 ppb,7 ppb,1 ppb,6 ppb
2026-03-28 19:28:15,3 ppb,7 ppb,1 ppb,6 ppb
2026-03-28 19:58:21,3 ppb,7 ppb,1 ppb,6 ppb
2026-03-28 20:28:33,3 ppb,7 ppb,1 ppb,6 ppb
2026-03-28 20:28:33,3 ppb,7 ppb,1 ppb,6 ppb
2026-03-28 20:58:40,3 ppb,7 ppb,1 ppb,6 ppb
2026-03-28 21:28:46,3 ppb,7 ppb,1 ppb,6 ppb
2026-03-28 21:58:52,3 ppb,7 ppb,1 ppb,6 ppb
2026-03-28 21:58:52,3 ppb,7 ppb,1 ppb,6 ppb
2026-03-28 21:58:52,3 ppb,7 ppb,1 ppb,6 ppb
2026-03-28 22:28:58,3 ppb,7 ppb,1 ppb,6 ppb
2026-03-28 22:59:04,3 ppb,7 ppb,1 ppb,6 ppb
2026-03-28 22:59:04,3 ppb,7 ppb,1 ppb,6 ppb
2026-03-28 22:59:04,3 ppb,7 ppb,1 ppb,6 ppb
2026-03-28 23:29:11,3 ppb,7 ppb,1 ppb,6 ppb
2026-03-28 23:59:17,3 ppb,7 ppb,1 ppb,6 ppb
2026-03-29 00:29:23,3 ppb,7 ppb,1 ppb,6 ppb
2026-03-29 00:59:29,3 ppb,7 ppb,1 ppb,6 ppb
2026-03-29 01:29:36,3 ppb,7 ppb,1 ppb,6 ppb
2026-03-29 01:29:36,3 ppb,7 ppb,1 ppb,6 ppb
2026-03-29 01:29:36,3 ppb,7 ppb,1 ppb,6 ppb
2026-03-29 01:59:42,3 ppb,7 ppb,1 ppb,6 ppb
2026-03-29 02:29:48,3 ppb,7 ppb,1 ppb,6 ppb
2026-03-29 02:59:54,3 ppb,7 ppb,1 ppb,6 ppb
2026-03-29 02:59:54,3 ppb,7 ppb,1 ppb,6 ppb
2026-03-29 03:30:00,3 ppb,7 ppb,1 ppb,6 ppb
2026-03-29 04:00:07,3 ppb,7 ppb,1 ppb,6 ppb
2026-03-29 04:30:13,3 ppb,7 ppb,1 ppb,6 ppb
2026-03-29 04:30:13,3 ppb,7 ppb,1 ppb,6 ppb
2026-03-29 05:00:19,3 ppb,7 ppb,1 ppb,6 ppb
2026-03-29 05:30:25,3 ppb,7 ppb,1 ppb,6 ppb
2026-03-29 06:00:37,3 ppb,7 ppb,1 ppb,6 ppb
2026-03-29 06:00:37,3 ppb,7 ppb,1 ppb,6 ppb
2026-03-29 06:30:43,3 ppb,7 ppb,1 ppb,6 ppb
2026-03-29 07:00:49,3 ppb,7 ppb,1 ppb,6 ppb
2026-03-29 07:30:56,3 ppb,7 ppb,1 ppb,6 ppb
2026-03-29 08:01:02,3 ppb,7 ppb,1 ppb,6 ppb
2026-03-29 08:31:08,3 ppb,7 ppb,1 ppb,6 ppb
2026-03-29 09:01:14,3 ppb,7 ppb,1 ppb,6 ppb
2026-03-29 09:31:20,3 ppb,7 ppb,1 ppb,6 ppb
2026-03-29 10:01:27,3 ppb,7 ppb,1 ppb,6 ppb
2026-03-29 10:31:33,3 ppb,7 ppb,1 ppb,6 ppb
2026-03-29 10:31:33,3 ppb,7 ppb,1 ppb,6 ppb
2026-03-29 11:01:39,3 ppb,7 ppb,1 ppb,6 ppb
2026-03-29 11:01:39,3 ppb,7 ppb,1 ppb,6 ppb
2026-03-29 11:31:45,3 ppb,7 ppb,1 ppb,6 ppb
2026-03-29 12:01:51,3 ppb,7 ppb,1 ppb,6 ppb
2026-03-29 12:31:58,3 ppb,7 ppb,1 ppb,6 ppb
2026-03-29 13:32:10,3 ppb,7 ppb,1 ppb,6 ppb
2026-03-29 14:02:16,3 ppb,7 ppb,1 ppb,6 ppb
2026-03-29 14:02:16,3 ppb,7 ppb,1 ppb,6 ppb
2026-03-29 14:32:23,3 ppb,7 ppb,1 ppb,6 ppb
2026-03-29 15:02:29,3 ppb,7 ppb,1 ppb,6 ppb
2026-03-29 15:32:35,3 ppb,7 ppb,1 ppb,6 ppb
2026-03-29 15:32:35,3 ppb,7 ppb,1 ppb,6 ppb
2026-03-29 15:32:35,3 ppb,7 ppb,1 ppb,6 ppb
2026-03-29 16:02:52,3 ppb,7 ppb,1 ppb,6 ppb
2026-03-29 16:32:58,3 ppb,7 ppb,1 ppb,6 ppb
2026-03-29 17:33:11,3 ppb,7 ppb,1 ppb,6 ppb
2026-03-29 18:03:17,3 ppb,7 ppb,1 ppb,6 ppb
2026-03-29 18:03:17,3 ppb,7 ppb,1 ppb,6 ppb
2026-03-29 18:33:23,3 ppb,7 ppb,1 ppb,6 ppb
2026-03-29 19:03:30,3 ppb,7 ppb,1 ppb,6 ppb
2026-03-29 19:33:36,3 ppb,7 ppb,1 ppb,6 ppb
2026-03-29 19:33:36,3 ppb,7 ppb,1 ppb,6 ppb
2026-03-29 20:03:42,3 ppb,7 ppb,1 ppb,6 ppb
2026-03-29 20:33:48,3 ppb,7 ppb,1 ppb,6 ppb
2026-03-29 21:03:54,3 ppb,7 ppb,1 ppb,6 ppb
2026-03-29 21:34:01,3 ppb,7 ppb,1 ppb,6 ppb
2026-03-29 22:04:07,3 ppb,7 ppb,1 ppb,6 ppb
2026-03-29 22:34:13,3 ppb,7 ppb,1 ppb,6 ppb
2026-03-29 23:04:19,3 ppb,7 ppb,1 ppb,6 ppb
2026-03-29 23:34:26,3 ppb,7 ppb,1 ppb,6 ppb
2026-03-29 23:34:26,3 ppb,7 ppb,1 ppb,6 ppb
2026-03-30 00:34:38,3 ppb,7 ppb,1 ppb,6 ppb
2026-03-30 01:04:50,3 ppb,7 ppb,1 ppb,6 ppb
2026-03-30 01:35:03,3 ppb,7 ppb,1 ppb,6 ppb
2026-03-30 02:05:16,3 ppb,7 ppb,1 ppb,6 ppb
2026-03-30 02:05:16,3 ppb,7 ppb,1 ppb,6 ppb
2026-03-30 02:35:28,3 ppb,7 ppb,1 ppb,6 ppb
2026-03-30 02:35:28,3 ppb,7 ppb,1 ppb,6 ppb
2026-03-30 03:05:48,3 ppb,7 ppb,1 ppb,6 ppb
2026-03-30 03:36:00,3 ppb,7 ppb,1 ppb,6 ppb
2026-03-30 04:36:12,3 ppb,7 ppb,1 ppb,6 ppb
2026-03-30 05:06:18,3 ppb,7 ppb,1 ppb,6 ppb
2026-03-30 05:36:25,3 ppb,7 ppb,1 ppb,6 ppb
2026-03-30 06:06:31,3 ppb,7 ppb,1 ppb,6 ppb
2026-03-30 06:06:31,3 ppb,7 ppb,1 ppb,6 ppb
2026-03-30 06:36:37,3 ppb,7 ppb,1 ppb,6 ppb
2026-03-30 07:06:43,3 ppb,7 ppb,1 ppb,6 ppb
2026-03-30 07:36:49,3 ppb,7 ppb,1 ppb,6 ppb
2026-03-30 07:36:49,3 ppb,7 ppb,1 ppb,6 ppb
2026-03-30 08:06:56,3 ppb,7 ppb,1 ppb,6 ppb
2026-03-30 08:37:02,3 ppb,7 ppb,1 ppb,6 ppb
2026-03-30 08:37:02,3 ppb,7 ppb,1 ppb,6 ppb
2026-03-30 09:07:08,3 ppb,7 ppb,1 ppb,6 ppb
2026-03-30 09:37:14,3 ppb,7 ppb,1 ppb,6 ppb
2026-03-30 09:37:14,3 ppb,7 ppb,1 ppb,6 ppb
2026-03-30 09:37:14,3 ppb,7 ppb,1 ppb,6 ppb
2026-03-30 10:07:21,3 ppb,7 ppb,1 ppb,6 ppb
2026-03-30 11:07:33,3 ppb,7 ppb,1 ppb,6 ppb
2026-03-30 11:37:45,3 ppb,7 ppb,1 ppb,6 ppb
2026-03-30 12:07:58,3 ppb,7 ppb,1 ppb,6 ppb
2026-03-30 12:38:11,3 ppb,7 ppb,1 ppb,6 ppb
2026-03-30 13:08:23,3 ppb,7 ppb,1 ppb,6 ppb
2026-03-30 13:38:36,3 ppb,7 ppb,1 ppb,6 ppb
2026-03-30 13:38:36,3 ppb,7 ppb,1 ppb,6 ppb
2026-03-30 14:08:48,3 ppb,7 ppb,1 ppb,6 ppb
2026-03-30 15:09:01,3 ppb,7 ppb,1 ppb,6 ppb
2026-03-30 16:09:13,3 ppb,7 ppb,1 ppb,6 ppb
2026-03-30 16:09:13,3 ppb,7 ppb,1 ppb,6 ppb
2026-03-30 16:39:25,3 ppb,7 ppb,1 ppb,6 ppb
2026-03-30 17:09:31,3 ppb,7 ppb,1 ppb,6 ppb
2026-03-30 17:09:31,3 ppb,7 ppb,1 ppb,6 ppb
2026-03-30 17:09:31,3 ppb,7 ppb,1 ppb,6 ppb
2026-03-30 17:39:37,3 ppb,7 ppb,1 ppb,6 ppb
2026-03-30 17:39:37,3 ppb,7 ppb,1 ppb,6 ppb
2026-03-30 17:39:37,3 ppb,7 ppb,1 ppb,6 ppb
2026-03-30 18:09:43,3 ppb,7 ppb,1 ppb,6 ppb
2026-03-30 18:39:50,3 ppb,7 ppb,1 ppb,6 ppb
2026-03-30 19:10:01,3 ppb,7 ppb,1 ppb,6 ppb
2026-03-30 19:40:14,3 ppb,7 ppb,1 ppb,6 ppb
2026-03-30 20:10:27,3 ppb,7 ppb,1 ppb,6 ppb
2026-03-30 20:40:40,3 ppb,7 ppb,1 ppb,6 ppb
2026-03-30 21:10:53,3 ppb,7 ppb,1 ppb,6 ppb
2026-03-30 21:10:53,3 ppb,7 ppb,1 ppb,6 ppb
2026-03-30 21:41:05,3 ppb,7 ppb,1 ppb,6 ppb
2026-03-30 22:11:16,3 ppb,7 ppb,1 ppb,6 ppb
2026-03-30 22:41:36,3 ppb,7 ppb,1 ppb,6 ppb
2026-03-30 23:11:56,3 ppb,7 ppb,1 ppb,6 ppb
2026-03-30 23:42:15,3 ppb,7 ppb,1 ppb,6 ppb
2026-03-31 00:12:34,3 ppb,7 ppb,1 ppb,6 ppb
2026-03-31 00:12:34,3 ppb,7 ppb,1 ppb,6 ppb
2026-03-31 11:47:20,3 ppb,7 ppb,1 ppb,6 ppb
2026-03-31 12:47:33,3 ppb,7 ppb,1 ppb,6 ppb
2026-03-31 12:47:33,3 ppb,7 ppb,1 ppb,6 ppb
2026-03-31 12:47:33,3 ppb,7 ppb,1 ppb,6 ppb
2026-03-31 13:17:39,3 ppb,7 ppb,1 ppb,6 ppb
2026-03-31 13:17:39,3 ppb,7 ppb,1 ppb,6 ppb
2026-03-31 13:17:39,3 ppb,7 ppb,1 ppb,6 ppb
2026-03-31 13:47:45,3 ppb,7 ppb,1 ppb,6 ppb
2026-03-31 13:47:45,3 ppb,7 ppb,1 ppb,6 ppb
2026-03-31 14:17:51,3 ppb,7 ppb,1 ppb,6 ppb
2026-03-31 14:17:51,3 ppb,7 ppb,1 ppb,6 ppb
2026-03-31 14:47:57,3 ppb,7 ppb,1 ppb,6 ppb
2026-03-31 14:47:57,3 ppb,7 ppb,1 ppb,6 ppb
2026-03-31 15:18:04,3 ppb,7 ppb,1 ppb,6 ppb
2026-03-31 15:18:04,3 ppb,7 ppb,1 ppb,6 ppb
2026-03-31 15:18:04,3 ppb,7 ppb,1 ppb,6 ppb
2026-03-31 15:48:10,3 ppb,7 ppb,1 ppb,6 ppb
2026-03-31 15:48:10,3 ppb,7 ppb,1 ppb,6 ppb
2026-03-31 16:18:16,3 ppb,7 ppb,1 ppb,6 ppb
2026-03-31 16:18:16,3 ppb,7 ppb,1 ppb,6 ppb
2026-03-31 16:48:28,3 ppb,7 ppb,1 ppb,6 ppb
2026-03-31 16:48:28,3 ppb,7 ppb,1 ppb,6 ppb
2026-03-31 16:48:28,3 ppb,7 ppb,1 ppb,6 ppb
2026-03-31 17:18:34,3 ppb,7 ppb,1 ppb,6 ppb
2026-03-31 18:18:47,3 ppb,7 ppb,1 ppb,6 ppb
2026-03-31 18:18:47,3 ppb,7 ppb,1 ppb,6 ppb
2026-03-31 18:48:53,3 ppb,7 ppb,1 ppb,6 ppb
2026-03-31 18:48:53,3 ppb,7 ppb,1 ppb,6 ppb
2026-03-31 19:19:04,3 ppb,7 ppb,1 ppb,6 ppb
2026-03-31 19:19:04,3 ppb,7 ppb,1 ppb,6 ppb
2026-03-31 19:49:11,3 ppb,7 ppb,1 ppb,6 ppb
2026-03-31 19:49:11,3 ppb,7 ppb,1 ppb,6 ppb
2026-03-31 19:49:11,3 ppb,7 ppb,1 ppb,6 ppb
2026-03-31 20:19:17,3 ppb,7 ppb,1 ppb,6 ppb
2026-03-31 20:19:17,3 ppb,7 ppb,1 ppb,6 ppb
2026-03-31 20:49:23,3 ppb,7 ppb,1 ppb,6 ppb
2026-03-31 20:49:23,3 ppb,7 ppb,1 ppb,6 ppb
2026-03-31 21:19:29,3 ppb,7 ppb,1 ppb,6 ppb
2026-03-31 21:19:29,3 ppb,7 ppb,1 ppb,6 ppb
2026-03-31 22:49:48,3 ppb,7 ppb,1 ppb,6 ppb
2026-03-31 23:19:54,3 ppb,7 ppb,1 ppb,6 ppb
2026-03-31 23:50:00,3 ppb,7 ppb,1 ppb,6 ppb
2026-03-31 23:50:00,3 ppb,7 ppb,1 ppb,6 ppb
2026-03-31 23:50:00,3 ppb,7 ppb,1 ppb,6 ppb
2026-04-01 00:20:07,3 ppb,7 ppb,1 ppb,6 ppb
2026-04-01 00:20:07,3 ppb,7 ppb,1 ppb,6 ppb
2026-04-01 00:50:25,3 ppb,7 ppb,1 ppb,6 ppb
2026-04-01 00:50:25,3 ppb,7 ppb,1 ppb,6 ppb
2026-04-01 01:20:31,3 ppb,7 ppb,1 ppb,6 ppb
2026-04-01 01:20:31,3 ppb,7 ppb,1 ppb,6 ppb
2026-04-01 01:50:44,3 ppb,7 ppb,1 ppb,6 ppb
2026-04-01 01:50:44,3 ppb,7 ppb,1 ppb,6 ppb
2026-04-01 02:21:04,3 ppb,7 ppb,1 ppb,6 ppb
2026-04-01 02:21:04,3 ppb,7 ppb,1 ppb,6 ppb
2026-04-01 02:51:10,3 ppb,7 ppb,1 ppb,6 ppb
2026-04-01 02:51:10,3 ppb,7 ppb,1 ppb,6 ppb
2026-04-01 03:21:23,3 ppb,7 ppb,1 ppb,6 ppb
2026-04-01 04:21:46,3 ppb,7 ppb,1 ppb,6 ppb
2026-04-01 04:51:52,3 ppb,7 ppb,1 ppb,6 ppb
2026-04-01 05:21:59,3 ppb,7 ppb,1 ppb,6 ppb
2026-04-01 05:21:59,3 ppb,7 ppb,1 ppb,6 ppb
2026-04-01 05:52:05,3 ppb,7 ppb,1 ppb,6 ppb
2026-04-01 06:22:11,3 ppb,7 ppb,1 ppb,6 ppb
2026-04-01 06:22:11,3 ppb,7 ppb,1 ppb,6 ppb
2026-04-01 07:22:24,3 ppb,7 ppb,1 ppb,6 ppb
2026-04-01 07:52:30,3 ppb,7 ppb,1 ppb,6 ppb
2026-04-01 07:52:30,3 ppb,7 ppb,1 ppb,6 ppb
2026-04-01 08:22:36,3 ppb,7 ppb,1 ppb,6 ppb
2026-04-01 09:22:48,3 ppb,7 ppb,1 ppb,6 ppb
2026-04-01 09:53:00,3 ppb,7 ppb,1 ppb,6 ppb
2026-04-01 10:23:13,3 ppb,7 ppb,1 ppb,6 ppb
2026-04-01 10:53:26,3 ppb,7 ppb,1 ppb,6 ppb
2026-04-01 11:23:39,3 ppb,7 ppb,1 ppb,6 ppb
2026-04-01 11:23:39,3 ppb,7 ppb,1 ppb,6 ppb
2026-04-01 11:23:39,3 ppb,7 ppb,1 ppb,6 ppb
2026-04-01 11:53:52,3 ppb,7 ppb,1 ppb,6 ppb
2026-04-01 12:24:03,3 ppb,7 ppb,1 ppb,6 ppb
2026-04-01 12:54:10,3 ppb,7 ppb,1 ppb,6 ppb
2026-04-01 12:54:10,3 ppb,7 ppb,1 ppb,6 ppb
2026-04-01 13:24:16,3 ppb,7 ppb,1 ppb,6 ppb
2026-04-01 13:54:22,3 ppb,7 ppb,1 ppb,6 ppb
2026-04-01 13:54:22,3 ppb,7 ppb,1 ppb,6 ppb
2026-04-01 13:54:22,3 ppb,7 ppb,1 ppb,6 ppb
2026-04-01 14:24:28,3 ppb,7 ppb,1 ppb,6 ppb
2026-04-01 14:54:35,3 ppb,7 ppb,1 ppb,6 ppb
2026-04-01 14:54:35,3 ppb,7 ppb,1 ppb,6 ppb
2026-04-01 15:24:41,3 ppb,7 ppb,1 ppb,6 ppb
2026-04-01 15:24:41,3 ppb,7 ppb,1 ppb,6 ppb
2026-04-01 15:24:41,3 ppb,7 ppb,1 ppb,6 ppb
2026-04-01 15:54:47,3 ppb,7 ppb,1 ppb,6 ppb
2026-04-01 16:24:53,3 ppb,7 ppb,1 ppb,6 ppb
2026-04-01 16:55:05,3 ppb,7 ppb,1 ppb,6 ppb
2026-04-01 17:25:11,3 ppb,7 ppb,1 ppb,6 ppb
2026-04-01 17:55:17,3 ppb,7 ppb,1 ppb,6 ppb
2026-04-01 18:25:23,3 ppb,7 ppb,1 ppb,6 ppb
2026-04-01 18:55:30,3 ppb,7 ppb,1 ppb,6 ppb
2026-04-01 19:25:36,3 ppb,7 ppb,1 ppb,6 ppb
2026-04-01 19:55:42,3 ppb,7 ppb,1 ppb,6 ppb
2026-04-01 20:25:49,3 ppb,7 ppb,1 ppb,6 ppb
2026-04-01 20:55:55,3 ppb,7 ppb,1 ppb,6 ppb
2026-04-01 21:26:07,3 ppb,7 ppb,1 ppb,6 ppb
2026-04-01 21:56:13,3 ppb,7 ppb,1 ppb,6 ppb
2026-04-01 21:56:13,3 ppb,7 ppb,1 ppb,6 ppb
2026-04-01 22:26:19,3 ppb,7 ppb,1 ppb,6 ppb
2026-04-01 23:26:31,3 ppb,7 ppb,1 ppb,6 ppb
2026-04-01 23:56:38,3 ppb,7 ppb,1 ppb,6 ppb
2026-04-02 00:26:44,3 ppb,7 ppb,1 ppb,6 ppb
2026-04-02 00:26:44,3 ppb,7 ppb,1 ppb,6 ppb
2026-04-02 00:56:50,3 ppb,7 ppb,1 ppb,6 ppb
2026-04-02 01:26:56,3 ppb,7 ppb,1 ppb,6 ppb
2026-04-02 01:26:56,3 ppb,7 ppb,1 ppb,6 ppb
2026-04-02 01:57:03,3 ppb,7 ppb,1 ppb,6 ppb
2026-04-02 01:57:03,3 ppb,7 ppb,1 ppb,6 ppb
2026-04-02 02:27:09,3 ppb,7 ppb,1 ppb,6 ppb
2026-04-02 02:27:09,3 ppb,7 ppb,1 ppb,6 ppb
2026-04-02 02:57:15,3 ppb,7 ppb,1 ppb,6 ppb
2026-04-02 03:27:21,3 ppb,7 ppb,1 ppb,6 ppb
2026-04-02 03:57:27,3 ppb,7 ppb,1 ppb,6 ppb
2026-04-02 03:57:27,3 ppb,7 ppb,1 ppb,6 ppb
2026-04-02 04:27:34,3 ppb,7 ppb,1 ppb,6 ppb
2026-04-02 04:57:40,3 ppb,7 ppb,1 ppb,6 ppb
2026-04-02 05:27:46,3 ppb,7 ppb,1 ppb,6 ppb
2026-04-02 05:57:52,3 ppb,7 ppb,1 ppb,6 ppb
2026-04-02 05:57:52,3 ppb,7 ppb,1 ppb,6 ppb
2026-04-02 06:27:59,3 ppb,7 ppb,1 ppb,6 ppb
2026-04-02 06:58:05,3 ppb,7 ppb,1 ppb,6 ppb
2026-04-02 07:28:22,3 ppb,7 ppb,1 ppb,6 ppb
2026-04-02 07:58:29,3 ppb,7 ppb,1 ppb,6 ppb
2026-04-02 07:58:29,3 ppb,7 ppb,1 ppb,6 ppb
2026-04-02 08:28:35,3 ppb,7 ppb,1 ppb,6 ppb
2026-04-02 08:58:41,3 ppb,7 ppb,1 ppb,6 ppb
2026-04-02 09:28:47,3 ppb,7 ppb,1 ppb,6 ppb
2026-04-02 10:28:59,3 ppb,7 ppb,1 ppb,6 ppb
2026-04-02 10:28:59,3 ppb,7 ppb,1 ppb,6 ppb
2026-04-02 10:59:06,3 ppb,7 ppb,1 ppb,6 ppb
2026-04-02 10:59:06,3 ppb,7 ppb,1 ppb,6 ppb
2026-04-02 11:29:12,3 ppb,7 ppb,1 ppb,6 ppb
2026-04-02 11:29:12,3 ppb,7 ppb,1 ppb,6 ppb
2026-04-02 11:59:18,3 ppb,7 ppb,1 ppb,6 ppb
2026-04-02 12:29:24,3 ppb,7 ppb,1 ppb,6 ppb
2026-04-02 12:59:30,3 ppb,7 ppb,1 ppb,6 ppb
2026-04-02 12:59:30,3 ppb,7 ppb,1 ppb,6 ppb
2026-04-02 13:29:37,3 ppb,7 ppb,1 ppb,6 ppb
2026-04-02 13:59:43,3 ppb,7 ppb,1 ppb,6 ppb
2026-04-02 14:29:49,3 ppb,7 ppb,1 ppb,6 ppb
2026-04-02 14:29:49,3 ppb,7 ppb,1 ppb,6 ppb
2026-04-02 14:59:55,3 ppb,7 ppb,1 ppb,6 ppb
2026-04-02 15:30:02,3 ppb,7 ppb,1 ppb,6 ppb
2026-04-02 16:00:08,3 ppb,7 ppb,1 ppb,6 ppb
2026-04-02 16:30:14,3 ppb,7 ppb,1 ppb,6 ppb
2026-04-02 17:00:31,3 ppb,7 ppb,1 ppb,6 ppb
2026-04-02 17:30:38,3 ppb,7 ppb,1 ppb,6 ppb
2026-04-02 18:00:44,3 ppb,7 ppb,1 ppb,6 ppb
2026-04-02 18:00:44,3 ppb,7 ppb,1 ppb,6 ppb
2026-04-02 18:30:50,3 ppb,7 ppb,1 ppb,6 ppb
2026-04-02 19:00:56,3 ppb,7 ppb,1 ppb,6 ppb
2026-04-02 19:31:02,3 ppb,7 ppb,1 ppb,6 ppb
2026-04-02 20:01:08,3 ppb,7 ppb,1 ppb,6 ppb
2026-04-02 20:31:15,3 ppb,7 ppb,1 ppb,6 ppb
2026-04-02 20:31:15,3 ppb,7 ppb,1 ppb,6 ppb
2026-04-02 20:31:15,3 ppb,7 ppb,1 ppb,6 ppb
2026-04-02 21:01:21,3 ppb,7 ppb,1 ppb,6 ppb
2026-04-02 21:31:27,3 ppb,7 ppb,1 ppb,6 ppb
2026-04-02 21:31:27,3 ppb,7 ppb,1 ppb,6 ppb
2026-04-02 22:31:40,3 ppb,7 ppb,1 ppb,6 ppb
2026-04-02 23:01:46,3 ppb,7 ppb,1 ppb,6 ppb
2026-04-02 23:01:46,3 ppb,7 ppb,1 ppb,6 ppb
2026-04-02 23:31:52,3 ppb,7 ppb,1 ppb,6 ppb
2026-04-03 00:01:58,3 ppb,7 ppb,1 ppb,6 ppb
2026-04-03 00:32:04,3 ppb,7 ppb,1 ppb,6 ppb
2026-04-03 01:02:11,3 ppb,7 ppb,1 ppb,6 ppb
2026-04-03 01:02:11,3 ppb,7 ppb,1 ppb,6 ppb
2026-04-03 01:32:17,3 ppb,7 ppb,1 ppb,6 ppb
2026-04-03 01:32:17,3 ppb,7 ppb,1 ppb,6 ppb
2026-04-03 01:32:17,3 ppb,7 ppb,1 ppb,6 ppb
2026-04-03 02:02:23,3 ppb,7 ppb,1 ppb,6 ppb
2026-04-03 02:32:29,3 ppb,7 ppb,1 ppb,6 ppb
2026-04-03 02:32:29,3 ppb,7 ppb,1 ppb,6 ppb
2026-04-03 03:02:46,3 ppb,7 ppb,1 ppb,6 ppb
2026-04-03 03:32:53,3 ppb,7 ppb,1 ppb,6 ppb
2026-04-03 03:32:53,3 ppb,7 ppb,1 ppb,6 ppb
2026-04-03 04:02:59,3 ppb,7 ppb,1 ppb,6 ppb
2026-04-03 04:33:05,3 ppb,7 ppb,1 ppb,6 ppb
2026-04-03 05:03:11,3 ppb,7 ppb,1 ppb,6 ppb
2026-04-03 05:33:18,3 ppb,7 ppb,1 ppb,6 ppb
2026-04-03 06:03:24,3 ppb,7 ppb,1 ppb,6 ppb
2026-04-03 06:03:24,3 ppb,7 ppb,1 ppb,6 ppb
2026-04-03 06:33:30,3 ppb,7 ppb,1 ppb,6 ppb
2026-04-03 07:03:36,3 ppb,7 ppb,1 ppb,6 ppb
2026-04-03 07:33:42,3 ppb,7 ppb,1 ppb,6 ppb
2026-04-03 07:33:42,3 ppb,7 ppb,1 ppb,6 ppb
2026-04-03 08:03:49,3 ppb,7 ppb,1 ppb,6 ppb
2026-04-03 08:33:55,3 ppb,7 ppb,1 ppb,6 ppb
2026-04-03 09:04:01,3 ppb,7 ppb,1 ppb,6 ppb
2026-04-03 09:04:01,3 ppb,7 ppb,1 ppb,6 ppb
2026-04-03 09:34:07,3 ppb,7 ppb,1 ppb,6 ppb
2026-04-03 10:04:14,3 ppb,7 ppb,1 ppb,6 ppb
2026-04-03 11:04:26,3 ppb,7 ppb,1 ppb,6 ppb
2026-04-03 11:04:26,3 ppb,7 ppb,1 ppb,6 ppb
2026-04-03 11:04:26,3 ppb,7 ppb,1 ppb,6 ppb
2026-04-03 11:34:32,3 ppb,7 ppb,1 ppb,6 ppb
2026-04-03 12:04:39,3 ppb,7 ppb,1 ppb,6 ppb
2026-04-03 12:34:45,3 ppb,7 ppb,1 ppb,6 ppb
2026-04-03 13:04:57,3 ppb,7 ppb,1 ppb,6 ppb
2026-04-03 13:04:57,3 ppb,7 ppb,1 ppb,6 ppb
2026-04-03 13:35:03,3 ppb,7 ppb,1 ppb,6 ppb
2026-04-03 14:05:09,3 ppb,7 ppb,1 ppb,6 ppb
2026-04-03 14:35:15,3 ppb,7 ppb,1 ppb,6 ppb
2026-04-03 14:35:15,3 ppb,7 ppb,1 ppb,6 ppb
2026-04-03 15:35:28,3 ppb,7 ppb,1 ppb,6 ppb
2026-04-03 16:05:34,3 ppb,7 ppb,1 ppb,6 ppb
2026-04-03 16:05:34,3 ppb,7 ppb,1 ppb,6 ppb
2026-04-03 16:35:40,3 ppb,7 ppb,1 ppb,6 ppb
2026-04-03 17:05:52,3 ppb,7 ppb,1 ppb,6 ppb
2026-04-03 17:35:58,3 ppb,7 ppb,1 ppb,6 ppb
2026-04-03 18:06:05,3 ppb,7 ppb,1 ppb,6 ppb
2026-04-03 18:06:05,3 ppb,7 ppb,1 ppb,6 ppb
2026-04-03 18:36:11,3 ppb,7 ppb,1 ppb,6 ppb
2026-04-03 19:06:17,3 ppb,7 ppb,1 ppb,6 ppb
2026-04-03 19:36:24,3 ppb,7 ppb,1 ppb,6 ppb
2026-04-03 20:06:29,3 ppb,7 ppb,1 ppb,6 ppb
2026-04-03 20:06:29,3 ppb,7 ppb,1 ppb,6 ppb
2026-04-03 20:36:36,3 ppb,7 ppb,1 ppb,6 ppb
2026-04-03 21:06:42,3 ppb,7 ppb,1 ppb,6 ppb
2026-04-03 21:06:42,3 ppb,7 ppb,1 ppb,6 ppb
2026-04-03 22:06:54,3 ppb,7 ppb,1 ppb,6 ppb
2026-04-03 22:37:01,3 ppb,7 ppb,1 ppb,6 ppb
2026-04-03 22:37:01,3 ppb,7 ppb,1 ppb,6 ppb
2026-04-03 23:07:18,3 ppb,7 ppb,1 ppb,6 ppb
2026-04-03 23:37:24,3 ppb,7 ppb,1 ppb,6 ppb
2026-04-03 23:37:24,3 ppb,7 ppb,1 ppb,6 ppb
2026-04-04 00:07:30,3 ppb,7 ppb,1 ppb,6 ppb
2026-04-04 00:37:36,3 ppb,7 ppb,1 ppb,6 ppb
2026-04-04 00:37:36,3 ppb,7 ppb,1 ppb,6 ppb
2026-04-04 01:07:43,3 ppb,7 ppb,1 ppb,6 ppb
2026-04-04 01:37:49,3 ppb,7 ppb,1 ppb,6 ppb
2026-04-04 02:07:55,3 ppb,7 ppb,1 ppb,6 ppb
2026-04-04 02:38:01,3 ppb,7 ppb,1 ppb,6 ppb
2026-04-04 03:08:08,3 ppb,7 ppb,1 ppb,6 ppb
2026-04-04 03:08:08,3 ppb,7 ppb,1 ppb,6 ppb
2026-04-04 03:38:14,3 ppb,7 ppb,1 ppb,6 ppb
2026-04-04 04:08:20,3 ppb,7 ppb,1 ppb,6 ppb
2026-04-04 04:38:27,3 ppb,7 ppb,1 ppb,6 ppb
2026-04-04 05:08:33,3 ppb,7 ppb,1 ppb,6 ppb
2026-04-04 05:08:33,3 ppb,7 ppb,1 ppb,6 ppb
2026-04-04 05:38:39,3 ppb,7 ppb,1 ppb,6 ppb
2026-04-04 06:08:45,3 ppb,7 ppb,1 ppb,6 ppb
2026-04-04 06:38:51,3 ppb,7 ppb,1 ppb,6 ppb
2026-04-04 06:38:51,3 ppb,7 ppb,1 ppb,6 ppb
2026-04-04 07:08:58,3 ppb,7 ppb,1 ppb,6 ppb
2026-04-04 07:08:58,3 ppb,7 ppb,1 ppb,6 ppb
2026-04-04 07:39:03,3 ppb,7 ppb,1 ppb,6 ppb
2026-04-04 08:09:10,3 ppb,7 ppb,1 ppb,6 ppb
2026-04-04 08:39:22,3 ppb,7 ppb,1 ppb,6 ppb
2026-04-04 09:09:28,3 ppb,7 ppb,1 ppb,6 ppb
2026-04-04 09:09:28,3 ppb,7 ppb,1 ppb,6 ppb
2026-04-04 10:09:41,3 ppb,7 ppb,1 ppb,6 ppb
2026-04-04 11:09:53,3 ppb,7 ppb,1 ppb,6 ppb
2026-04-04 11:39:59,3 ppb,7 ppb,1 ppb,6 ppb
2026-04-04 12:10:05,3 ppb,7 ppb,1 ppb,6 ppb
2026-04-04 12:10:05,3 ppb,7 ppb,1 ppb,6 ppb
2026-04-04 12:10:05,3 ppb,7 ppb,1 ppb,6 ppb
2026-04-04 12:40:11,3 ppb,7 ppb,1 ppb,6 ppb
2026-04-04 12:40:11,3 ppb,7 ppb,1 ppb,6 ppb
2026-04-04 13:10:17,3 ppb,7 ppb,1 ppb,6 ppb
2026-04-04 13:10:17,3 ppb,7 ppb,1 ppb,6 ppb
2026-04-04 13:40:24,3 ppb,7 ppb,1 ppb,6 ppb
2026-04-04 14:10:35,3 ppb,7 ppb,1 ppb,6 ppb
2026-04-04 14:10:36,3 ppb,7 ppb,1 ppb,6 ppb
2026-04-04 14:40:48,3 ppb,7 ppb,1 ppb,6 ppb
2026-04-04 15:11:01,3 ppb,7 ppb,1 ppb,6 ppb
2026-04-04 15:41:14,3 ppb,7 ppb,1 ppb,6 ppb
2026-04-04 15:41:14,3 ppb,7 ppb,1 ppb,6 ppb
2026-04-04 15:41:14,3 ppb,7 ppb,1 ppb,6 ppb
2026-04-04 16:11:27,3 ppb,7 ppb,1 ppb,6 ppb
2026-04-04 16:11:27,3 ppb,7 ppb,1 ppb,6 ppb
2026-04-04 16:41:46,3 ppb,7 ppb,1 ppb,6 ppb
2026-04-04 17:11:57,3 ppb,7 ppb,1 ppb,6 ppb
2026-04-04 17:11:57,3 ppb,7 ppb,1 ppb,6 ppb
2026-04-04 17:42:04,3 ppb,7 ppb,1 ppb,6 ppb
2026-04-04 17:42:04,3 ppb,7 ppb,1 ppb,6 ppb
2026-04-04 18:12:10,3 ppb,7 ppb,1 ppb,6 ppb
2026-04-04 18:42:16,3 ppb,7 ppb,1 ppb,6 ppb
2026-04-04 19:12:22,3 ppb,7 ppb,1 ppb,6 ppb
2026-04-04 19:42:28,3 ppb,7 ppb,1 ppb,6 ppb
2026-04-04 19:42:28,3 ppb,7 ppb,1 ppb,6 ppb
2026-04-04 19:42:28,3 ppb,7 ppb,1 ppb,6 ppb
2026-04-04 20:12:34,3 ppb,7 ppb,1 ppb,6 ppb
2026-04-04 20:42:41,3 ppb,7 ppb,1 ppb,6 ppb
2026-04-04 21:12:47,3 ppb,7 ppb,1 ppb,6 ppb
2026-04-04 21:12:47,3 ppb,7 ppb,1 ppb,6 ppb
2026-04-04 21:12:47,3 ppb,7 ppb,1 ppb,6 ppb
2026-04-04 21:42:53,3 ppb,7 ppb,1 ppb,6 ppb
2026-04-04 21:42:53,3 ppb,7 ppb,1 ppb,6 ppb
2026-04-04 21:42:53,3 ppb,7 ppb,1 ppb,6 ppb
2026-04-04 22:13:00,3 ppb,7 ppb,1 ppb,6 ppb
2026-04-04 22:43:06,3 ppb,7 ppb,1 ppb,6 ppb
2026-04-04 23:13:12,3 ppb,7 ppb,1 ppb,6 ppb
2026-04-04 23:13:12,3 ppb,7 ppb,1 ppb,6 ppb
2026-04-04 23:43:18,3 ppb,7 ppb,1 ppb,6 ppb
2026-04-04 23:43:18,3 ppb,7 ppb,1 ppb,6 ppb
2026-04-04 23:43:18,3 ppb,7 ppb,1 ppb,6 ppb
2026-04-05 00:13:24,3 ppb,7 ppb,1 ppb,6 ppb
2026-04-05 00:13:24,3 ppb,7 ppb,1 ppb,6 ppb
2026-04-05 00:43:30,3 ppb,7 ppb,1 ppb,6 ppb
2026-04-05 01:13:37,3 ppb,7 ppb,1 ppb,6 ppb
2026-04-05 01:43:43,3 ppb,7 ppb,1 ppb,6 ppb
2026-04-05 01:43:43,3 ppb,7 ppb,1 ppb,6 ppb
2026-04-05 01:43:43,3 ppb,7 ppb,1 ppb,6 ppb
2026-04-05 02:13:49,3 ppb,7 ppb,1 ppb,6 ppb
2026-04-05 02:43:55,3 ppb,7 ppb,1 ppb,6 ppb
2026-04-05 03:14:07,3 ppb,7 ppb,1 ppb,6 ppb
2026-04-05 04:14:20,3 ppb,7 ppb,1 ppb,6 ppb
2026-04-05 04:14:20,3 ppb,7 ppb,1 ppb,6 ppb
2026-04-05 05:14:32,3 ppb,7 ppb,1 ppb,6 ppb
2026-04-05 05:14:32,3 ppb,7 ppb,1 ppb,6 ppb
2026-04-05 05:44:38,3 ppb,7 ppb,1 ppb,6 ppb
2026-04-05 06:14:44,3 ppb,7 ppb,1 ppb,6 ppb
2026-04-05 06:44:51,3 ppb,7 ppb,1 ppb,6 ppb
2026-04-05 06:44:51,3 ppb,7 ppb,1 ppb,6 ppb
2026-04-05 06:44:51,3 ppb,7 ppb,1 ppb,6 ppb
2026-04-05 07:14:57,3 ppb,7 ppb,1 ppb,6 ppb
2026-04-05 07:45:03,3 ppb,7 ppb,1 ppb,6 ppb
2026-04-05 07:45:03,3 ppb,7 ppb,1 ppb,6 ppb
2026-04-05 08:15:09,3 ppb,7 ppb,1 ppb,6 ppb
2026-04-05 08:45:27,3 ppb,7 ppb,1 ppb,6 ppb
2026-04-05 09:15:39,3 ppb,7 ppb,1 ppb,6 ppb
2026-04-05 09:45:53,3 ppb,7 ppb,1 ppb,6 ppb
2026-04-05 10:16:05,3 ppb,7 ppb,1 ppb,6 ppb
2026-04-05 10:46:18,3 ppb,7 ppb,1 ppb,6 ppb
2026-04-05 11:16:36,3 ppb,7 ppb,1 ppb,6 ppb
2026-04-05 11:16:36,3 ppb,7 ppb,1 ppb,6 ppb
2026-04-05 11:46:43,3 ppb,7 ppb,1 ppb,6 ppb
2026-04-05 12:16:49,3 ppb,7 ppb,1 ppb,6 ppb
2026-04-05 12:46:55,3 ppb,7 ppb,1 ppb,6 ppb
2026-04-05 13:17:01,3 ppb,7 ppb,1 ppb,6 ppb
2026-04-05 13:47:08,3 ppb,7 ppb,1 ppb,6 ppb
2026-04-05 14:17:14,3 ppb,7 ppb,1 ppb,6 ppb
2026-04-05 14:47:20,3 ppb,7 ppb,1 ppb,6 ppb
2026-04-05 14:47:20,3 ppb,7 ppb,1 ppb,6 ppb
2026-04-05 15:17:26,3 ppb,7 ppb,1 ppb,6 ppb
2026-04-05 15:17:26,3 ppb,7 ppb,1 ppb,6 ppb
2026-04-05 15:47:33,3 ppb,7 ppb,1 ppb,6 ppb
2026-04-05 16:17:39,3 ppb,7 ppb,1 ppb,6 ppb
2026-04-05 16:47:45,3 ppb,7 ppb,1 ppb,6 ppb
2026-04-05 17:17:57,3 ppb,7 ppb,1 ppb,6 ppb
2026-04-05 17:17:57,3 ppb,7 ppb,1 ppb,6 ppb
2026-04-05 17:48:03,3 ppb,7 ppb,1 ppb,6 ppb
2026-04-05 17:48:03,3 ppb,7 ppb,1 ppb,6 ppb
2026-04-05 18:18:09,3 ppb,7 ppb,1 ppb,6 ppb
2026-04-05 18:48:15,3 ppb,7 ppb,1 ppb,6 ppb
2026-04-05 18:48:15,3 ppb,7 ppb,1 ppb,6 ppb
2026-04-05 19:18:22,3 ppb,7 ppb,1 ppb,6 ppb
2026-04-05 19:48:28,3 ppb,7 ppb,1 ppb,6 ppb
2026-04-05 19:48:28,3 ppb,7 ppb,1 ppb,6 ppb
2026-04-05 20:18:39,3 ppb,7 ppb,1 ppb,6 ppb
2026-04-05 20:48:46,3 ppb,7 ppb,1 ppb,6 ppb
2026-04-05 20:48:46,3 ppb,7 ppb,1 ppb,6 ppb
2026-04-05 21:18:52,3 ppb,7 ppb,1 ppb,6 ppb
2026-04-05 21:48:58,3 ppb,7 ppb,1 ppb,6 ppb
2026-04-05 21:48:58,3 ppb,7 ppb,1 ppb,6 ppb
2026-04-05 22:19:04,3 ppb,7 ppb,1 ppb,6 ppb
2026-04-05 22:49:11,3 ppb,7 ppb,1 ppb,6 ppb
2026-04-05 23:19:17,3 ppb,7 ppb,1 ppb,6 ppb
2026-04-05 23:49:23,3 ppb,7 ppb,1 ppb,6 ppb
2026-04-05 23:49:23,3 ppb,7 ppb,1 ppb,6 ppb
2026-04-06 00:19:29,3 ppb,7 ppb,1 ppb,6 ppb
2026-04-06 00:19:29,3 ppb,7 ppb,1 ppb,6 ppb
2026-04-06 00:49:35,3 ppb,7 ppb,1 ppb,6 ppb
2026-04-06 01:19:42,3 ppb,7 ppb,1 ppb,6 ppb
2026-04-06 01:49:48,3 ppb,7 ppb,1 ppb,6 ppb
2026-04-06 02:19:54,4 ppb,7 ppb,1 ppb,8 ppb
2026-04-06 02:50:00,3 ppb,7 ppb,1 ppb,6 ppb
2026-04-06 02:50:00,3 ppb,7 ppb,1 ppb,6 ppb
2026-04-06 02:50:00,3 ppb,7 ppb,1 ppb,6 ppb
2026-04-06 03:20:07,3 ppb,7 ppb,1 ppb,6 ppb
2026-04-06 03:50:13,3 ppb,7 ppb,1 ppb,6 ppb
2026-04-06 04:20:19,3 ppb,7 ppb,1 ppb,6 ppb
2026-04-06 04:50:25,3 ppb,7 ppb,1 ppb,6 ppb
2026-04-06 04:50:25,3 ppb,7 ppb,1 ppb,6 ppb
2026-04-06 05:20:31,3 ppb,7 ppb,1 ppb,6 ppb
2026-04-06 05:50:49,3 ppb,7 ppb,1 ppb,6 ppb
2026-04-06 06:20:55,3 ppb,7 ppb,1 ppb,6 ppb
2026-04-06 06:51:01,3 ppb,7 ppb,1 ppb,6 ppb
2026-04-06 07:21:07,3 ppb,7 ppb,1 ppb,6 ppb
2026-04-06 07:51:14,3 ppb,7 ppb,1 ppb,6 ppb
2026-04-06 08:21:20,3 ppb,7 ppb,1 ppb,6 ppb
2026-04-06 08:51:26,3 ppb,7 ppb,1 ppb,6 ppb
2026-04-06 09:21:32,3 ppb,7 ppb,1 ppb,6 ppb
2026-04-06 10:21:45,3 ppb,7 ppb,1 ppb,6 ppb
2026-04-06 10:51:51,3 ppb,7 ppb,1 ppb,6 ppb
2026-04-06 10:51:51,3 ppb,7 ppb,1 ppb,6 ppb
2026-04-06 11:21:57,3 ppb,7 ppb,1 ppb,6 ppb
2026-04-06 11:21:57,3 ppb,7 ppb,1 ppb,6 ppb
2026-04-06 11:52:03,3 ppb,7 ppb,1 ppb,6 ppb
2026-04-06 12:22:10,3 ppb,7 ppb,1 ppb,6 ppb
2026-04-06 12:52:16,3 ppb,7 ppb,1 ppb,6 ppb
2026-04-06 13:22:22,3 ppb,7 ppb,1 ppb,6 ppb
2026-04-06 13:52:28,3 ppb,7 ppb,1 ppb,6 ppb
2026-04-06 14:22:34,3 ppb,7 ppb,1 ppb,6 ppb
2026-04-06 14:52:41,3 ppb,7 ppb,1 ppb,6 ppb
2026-04-06 15:22:47,3 ppb,7 ppb,1 ppb,6 ppb
2026-04-06 15:52:59,3 ppb,7 ppb,1 ppb,6 ppb
2026-04-06 16:23:05,3 ppb,7 ppb,1 ppb,6 ppb
2026-04-06 16:23:05,3 ppb,7 ppb,1 ppb,6 ppb
2026-04-06 16:53:11,3 ppb,7 ppb,1 ppb,6 ppb
2026-04-06 16:53:11,3 ppb,7 ppb,1 ppb,6 ppb
2026-04-06 17:23:23,3 ppb,7 ppb,1 ppb,6 ppb
2026-04-06 18:23:36,3 ppb,7 ppb,1 ppb,6 ppb
2026-04-06 18:53:42,3 ppb,7 ppb,1 ppb,6 ppb
2026-04-06 19:23:48,3 ppb,7 ppb,1 ppb,6 ppb
2026-04-06 19:53:54,3 ppb,7 ppb,1 ppb,6 ppb
2026-04-06 20:24:00,3 ppb,7 ppb,1 ppb,6 ppb
2026-04-06 20:24:00,3 ppb,7 ppb,1 ppb,6 ppb
2026-04-06 20:54:06,3 ppb,7 ppb,1 ppb,6 ppb
2026-04-06 20:54:06,3 ppb,7 ppb,1 ppb,6 ppb
2026-04-06 21:54:19,3 ppb,7 ppb,1 ppb,6 ppb
2026-04-06 22:24:37,3 ppb,7 ppb,1 ppb,6 ppb
2026-04-06 22:54:43,3 ppb,7 ppb,1 ppb,6 ppb
2026-04-06 23:24:57,3 ppb,7 ppb,1 ppb,6 ppb
2026-04-06 23:55:09,3 ppb,7 ppb,1 ppb,6 ppb
2026-04-07 00:25:22,3 ppb,7 ppb,1 ppb,6 ppb
2026-04-07 00:55:42,3 ppb,7 ppb,1 ppb,6 ppb
2026-04-07 01:25:54,4 ppb,7 ppb,1 ppb,8 ppb
2026-04-07 01:56:05,3 ppb,7 ppb,1 ppb,6 ppb
2026-04-07 02:26:32,3 ppb,7 ppb,1 ppb,6 ppb
2026-04-07 02:56:45,3 ppb,7 ppb,1 ppb,6 ppb
2026-04-07 03:27:04,3 ppb,7 ppb,1 ppb,6 ppb
2026-04-07 03:57:16,3 ppb,7 ppb,1 ppb,6 ppb
2026-04-07 04:27:29,3 ppb,7 ppb,1 ppb,6 ppb
2026-04-07 04:57:42,3 ppb,7 ppb,1 ppb,6 ppb
2026-04-07 04:57:42,3 ppb,7 ppb,1 ppb,6 ppb
2026-04-07 05:27:54,3 ppb,7 ppb,1 ppb,6 ppb
2026-04-07 05:27:54,3 ppb,7 ppb,1 ppb,6 ppb
2026-04-07 05:58:07,3 ppb,7 ppb,1 ppb,6 ppb
2026-04-07 06:28:19,3 ppb,7 ppb,1 ppb,6 ppb
2026-04-07 06:58:25,3 ppb,7 ppb,1 ppb,6 ppb
2026-04-07 07:28:32,3 ppb,7 ppb,1 ppb,6 ppb
2026-04-07 07:58:38,3 ppb,7 ppb,1 ppb,6 ppb
2026-04-07 08:28:44,3 ppb,7 ppb,1 ppb,6 ppb
2026-04-07 08:58:50,3 ppb,7 ppb,1 ppb,6 ppb
2026-04-07 08:58:50,3 ppb,7 ppb,1 ppb,6 ppb
2026-04-07 09:28:56,3 ppb,7 ppb,1 ppb,6 ppb
2026-04-07 09:59:03,3 ppb,7 ppb,1 ppb,6 ppb
2026-04-07 10:59:15,4 ppb,7 ppb,1 ppb,8 ppb
2026-04-07 11:29:21,3 ppb,7 ppb,1 ppb,6 ppb
2026-04-07 11:29:21,3 ppb,7 ppb,1 ppb,6 ppb
2026-04-07 11:59:28,3 ppb,7 ppb,1 ppb,6 ppb
2026-04-07 12:29:34,3 ppb,7 ppb,1 ppb,6 ppb
2026-04-07 12:59:40,3 ppb,7 ppb,1 ppb,6 ppb
2026-04-07 13:29:46,3 ppb,7 ppb,1 ppb,6 ppb
2026-04-07 13:59:53,3 ppb,7 ppb,1 ppb,6 ppb
2026-04-07 14:29:59,3 ppb,7 ppb,1 ppb,6 ppb
2026-04-07 15:00:05,3 ppb,7 ppb,1 ppb,6 ppb
2026-04-07 15:30:11,3 ppb,7 ppb,1 ppb,6 ppb
2026-04-07 16:00:17,3 ppb,7 ppb,1 ppb,6 ppb
2026-04-07 16:30:30,3 ppb,7 ppb,1 ppb,6 ppb
2026-04-07 17:00:36,3 ppb,7 ppb,1 ppb,6 ppb
2026-04-07 17:00:36,3 ppb,7 ppb,1 ppb,6 ppb
2026-04-07 17:00:36,3 ppb,7 ppb,1 ppb,6 ppb
2026-04-07 17:30:47,3 ppb,7 ppb,1 ppb,6 ppb
2026-04-07 18:00:54,3 ppb,7 ppb,1 ppb,6 ppb
2026-04-07 18:00:54,3 ppb,7 ppb,1 ppb,6 ppb
2026-04-07 18:31:00,3 ppb,7 ppb,1 ppb,6 ppb
2026-04-07 19:31:12,3 ppb,7 ppb,1 ppb,6 ppb
2026-04-07 20:01:18,3 ppb,7 ppb,1 ppb,6 ppb
2026-04-07 20:31:25,3 ppb,7 ppb,1 ppb,6 ppb
2026-04-07 21:01:31,3 ppb,7 ppb,1 ppb,6 ppb
2026-04-07 21:31:37,3 ppb,7 ppb,1 ppb,6 ppb
2026-04-07 22:01:43,3 ppb,7 ppb,1 ppb,6 ppb
2026-04-07 22:31:50,3 ppb,7 ppb,1 ppb,6 ppb
2026-04-07 22:31:50,3 ppb,7 ppb,1 ppb,6 ppb
2026-04-07 23:01:56,3 ppb,7 ppb,1 ppb,6 ppb
2026-04-07 23:32:02,3 ppb,7 ppb,1 ppb,6 ppb
2026-04-08 00:02:08,3 ppb,7 ppb,1 ppb,6 ppb
2026-04-08 00:32:14,3 ppb,7 ppb,1 ppb,6 ppb
2026-04-08 01:02:20,3 ppb,7 ppb,1 ppb,6 ppb
2026-04-08 01:32:27,3 ppb,7 ppb,1 ppb,6 ppb
2026-04-08 01:32:27,3 ppb,7 ppb,1 ppb,6 ppb
2026-04-08 02:02:38,3 ppb,7 ppb,1 ppb,6 ppb
2026-04-08 02:02:38,3 ppb,7 ppb,1 ppb,6 ppb
2026-04-08 02:32:45,3 ppb,7 ppb,1 ppb,6 ppb
2026-04-08 03:02:51,3 ppb,7 ppb,1 ppb,6 ppb
2026-04-08 03:32:57,3 ppb,7 ppb,1 ppb,6 ppb
2026-04-08 04:03:03,3 ppb,7 ppb,1 ppb,6 ppb
2026-04-08 04:33:10,3 ppb,7 ppb,1 ppb,6 ppb
2026-04-08 05:03:16,3 ppb,7 ppb,1 ppb,6 ppb
2026-04-08 05:03:16,3 ppb,7 ppb,1 ppb,6 ppb
2026-04-08 05:33:22,3 ppb,7 ppb,1 ppb,6 ppb
2026-04-08 05:33:22,3 ppb,7 ppb,1 ppb,6 ppb
2026-04-08 06:03:28,3 ppb,7 ppb,1 ppb,6 ppb
2026-04-08 06:33:35,3 ppb,7 ppb,1 ppb,6 ppb
2026-04-08 06:33:35,3 ppb,7 ppb,1 ppb,6 ppb
2026-04-08 07:33:47,3 ppb,7 ppb,1 ppb,6 ppb
2026-04-08 08:03:53,3 ppb,7 ppb,1 ppb,6 ppb
2026-04-08 08:03:53,3 ppb,7 ppb,1 ppb,6 ppb
2026-04-08 08:33:59,3 ppb,7 ppb,1 ppb,6 ppb
2026-04-08 09:04:06,3 ppb,7 ppb,1 ppb,6 ppb
2026-04-08 09:04:06,3 ppb,7 ppb,1 ppb,6 ppb
2026-04-08 09:34:12,3 ppb,7 ppb,1 ppb,6 ppb
2026-04-08 10:34:24,3 ppb,7 ppb,1 ppb,6 ppb
2026-04-08 10:34:24,3 ppb,7 ppb,1 ppb,6 ppb
2026-04-08 10:34:24,3 ppb,7 ppb,1 ppb,6 ppb
2026-04-08 11:04:42,3 ppb,7 ppb,1 ppb,6 ppb
2026-04-08 11:34:55,3 ppb,7 ppb,1 ppb,6 ppb
2026-04-08 11:34:55,3 ppb,7 ppb,1 ppb,6 ppb
2026-04-08 12:05:07,3 ppb,7 ppb,1 ppb,6 ppb
2026-04-08 12:35:20,3 ppb,7 ppb,1 ppb,6 ppb
2026-04-08 13:05:33,4 ppb,7 ppb,1 ppb,8 ppb
2026-04-08 13:35:52,3 ppb,7 ppb,1 ppb,6 ppb
2026-04-08 14:05:58,3 ppb,7 ppb,1 ppb,6 ppb
2026-04-08 14:36:04,3 ppb,7 ppb,1 ppb,6 ppb
2026-04-08 15:06:10,3 ppb,7 ppb,1 ppb,6 ppb
2026-04-08 15:06:10,3 ppb,7 ppb,1 ppb,6 ppb
2026-04-08 15:36:17,3 ppb,7 ppb,1 ppb,6 ppb
2026-04-08 16:06:23,3 ppb,7 ppb,1 ppb,6 ppb
2026-04-08 17:06:35,3 ppb,7 ppb,1 ppb,6 ppb
2026-04-08 18:06:53,3 ppb,7 ppb,1 ppb,6 ppb
2026-04-08 18:37:05,3 ppb,7 ppb,1 ppb,6 ppb
2026-04-08 19:07:18,3 ppb,7 ppb,1 ppb,6 ppb
2026-04-08 19:37:31,3 ppb,7 ppb,1 ppb,6 ppb
2026-04-08 20:07:51,3 ppb,7 ppb,1 ppb,6 ppb
2026-04-08 20:07:51,3 ppb,7 ppb,1 ppb,6 ppb
2026-04-08 20:37:57,3 ppb,7 ppb,1 ppb,6 ppb
2026-04-08 21:38:21,3 ppb,7 ppb,1 ppb,6 ppb
2026-04-08 22:08:27,3 ppb,7 ppb,1 ppb,6 ppb
2026-04-08 22:38:34,3 ppb,7 ppb,1 ppb,6 ppb
2026-04-08 23:38:46,3 ppb,7 ppb,1 ppb,6 ppb
2026-04-08 23:38:46,3 ppb,7 ppb,1 ppb,6 ppb
2026-04-09 00:08:52,3 ppb,7 ppb,1 ppb,6 ppb
2026-04-09 00:08:52,3 ppb,7 ppb,1 ppb,6 ppb
2026-04-09 00:38:59,3 ppb,7 ppb,1 ppb,6 ppb
2026-04-09 01:09:05,3 ppb,7 ppb,1 ppb,6 ppb
2026-04-09 01:09:05,3 ppb,7 ppb,1 ppb,6 ppb
2026-04-09 01:09:05,3 ppb,7 ppb,1 ppb,6 ppb
2026-04-09 01:39:11,3 ppb,7 ppb,1 ppb,6 ppb
2026-04-09 02:39:24,3 ppb,7 ppb,1 ppb,6 ppb
2026-04-09 03:09:35,3 ppb,7 ppb,1 ppb,6 ppb
2026-04-09 03:39:48,3 ppb,7 ppb,1 ppb,6 ppb
2026-04-09 04:10:08,3 ppb,7 ppb,1 ppb,6 ppb
2026-04-09 04:10:08,3 ppb,7 ppb,1 ppb,6 ppb
2026-04-09 04:40:14,3 ppb,7 ppb,1 ppb,6 ppb
2026-04-09 04:40:14,3 ppb,7 ppb,1 ppb,6 ppb
2026-04-09 05:10:27,3 ppb,7 ppb,1 ppb,6 ppb
2026-04-09 05:40:46,3 ppb,7 ppb,1 ppb,6 ppb
2026-04-09 06:10:51,3 ppb,7 ppb,1 ppb,6 ppb
2026-04-09 07:11:04,3 ppb,7 ppb,1 ppb,6 ppb
2026-04-09 07:41:10,3 ppb,7 ppb,1 ppb,6 ppb
2026-04-09 08:11:16,3 ppb,7 ppb,1 ppb,6 ppb
2026-04-09 08:41:22,3 ppb,7 ppb,1 ppb,6 ppb
2026-04-09 09:11:29,3 ppb,7 ppb,1 ppb,6 ppb
2026-04-09 09:11:29,3 ppb,7 ppb,1 ppb,6 ppb